t,cmd,id,pos_deg,spd_erpm,spd_deg_s,cur_a,temp_c,err
0.0000,位置-速度 0.0 deg (最高2000 ERPM, 加速5000),43,0.0,0,0.00,0.00,34,0
0.0210,位置-速度 0.0 deg (最高2000 ERPM, 加速5000),43,0.0,0,0.00,-0.05,34,0
0.0402,位置-速度 0.0 deg (最高2000 ERPM, 加速5000),43,0.0,0,0.00,-0.06,34,0
0.0612,位置-速度 0.0 deg (最高2000 ERPM, 加速5000),43,0.0,0,0.00,-0.07,34,0
0.0825,位置-速度 0.0 deg (最高2000 ERPM, 加速5000),43,0.0,0,0.00,-0.05,34,0
0.1025,位置-速度 0.0 deg (最高2000 ERPM, 加速5000),43,0.0,0,0.00,-0.06,34,0
0.1217,位置-速度 0.0 deg (最高2000 ERPM, 加速5000),43,0.0,0,0.00,-0.08,34,0
0.1401,位置-速度 0.0 deg (最高2000 ERPM, 加速5000),43,0.0,0,0.00,-0.06,34,0
0.1610,位置-速度 0.0 deg (最高2000 ERPM, 加速5000),43,0.0,0,0.00,-0.07,34,0
0.1827,位置-速度 0.0 deg (最高2000 ERPM, 加速5000),43,0.0,0,0.00,-0.07,34,0
0.2018,位置-速度 0.0 deg (最高2000 ERPM, 加速5000),43,0.0,0,0.00,-0.05,34,0
0.2212,位置-速度 0.0 deg (最高2000 ERPM, 加速5000),43,0.0,0,0.00,-0.07,34,0
0.2410,位置-速度 0.0 deg (最高2000 ERPM, 加速5000),43,0.0,0,0.00,-0.07,34,0
0.2607,位置-速度 0.0 deg (最高2000 ERPM, 加速5000),43,0.0,0,0.00,-0.06,34,0
0.2819,位置-速度 0.0 deg (最高2000 ERPM, 加速5000),43,0.0,0,0.00,-0.06,34,0
0.3023,位置-速度 0.0 deg (最高2000 ERPM, 加速5000),43,0.0,0,0.00,-0.06,34,0
0.3222,位置-速度 0.0 deg (最高2000 ERPM, 加速5000),43,0.0,0,0.00,-0.05,34,0
0.3417,位置-速度 0.0 deg (最高2000 ERPM, 加速5000),43,0.0,0,0.00,-0.05,34,0
0.3624,位置-速度 0.0 deg (最高2000 ERPM, 加速5000),43,0.0,0,0.00,-0.07,34,0
0.3819,位置-速度 0.0 deg (最高2000 ERPM, 加速5000),43,0.0,0,0.00,-0.06,34,0
0.4018,位置-速度 0.0 deg (最高2000 ERPM, 加速5000),43,0.0,0,0.00,-0.05,34,0
0.4217,位置-速度 0.0 deg (最高2000 ERPM, 加速5000),43,0.0,0,0.00,-0.07,34,0
0.4414,位置-速度 0.0 deg (最高2000 ERPM, 加速5000),43,0.0,0,0.00,-0.05,34,0
0.4623,位置-速度 0.0 deg (最高2000 ERPM, 加速5000),43,0.0,0,0.00,-0.05,34,0
0.4802,位置-速度 0.0 deg (最高2000 ERPM, 加速5000),43,0.0,0,0.00,-0.06,34,0
0.5018,位置-速度 0.0 deg (最高2000 ERPM, 加速5000),43,0.0,0,0.00,-0.05,34,0
0.5216,位置-速度 0.0 deg (最高2000 ERPM, 加速5000),43,0.0,0,0.00,-0.05,34,0
0.5415,位置-速度 0.0 deg (最高2000 ERPM, 加速5000),43,0.0,0,0.00,-0.06,34,0
0.5601,位置-速度 0.0 deg (最高2000 ERPM, 加速5000),43,0.0,0,0.00,-0.06,34,0
0.5806,位置-速度 0.0 deg (最高2000 ERPM, 加速5000),43,0.0,0,0.00,-0.06,34,0
0.6008,位置-速度 0.0 deg (最高2000 ERPM, 加速5000),43,0.0,0,0.00,-0.05,34,0
0.6209,位置-速度 0.0 deg (最高2000 ERPM, 加速5000),43,0.0,0,0.00,-0.06,34,0
0.6409,位置-速度 0.0 deg (最高2000 ERPM, 加速5000),43,0.0,0,0.00,-0.05,34,0
0.6615,位置-速度 0.0 deg (最高2000 ERPM, 加速5000),43,0.0,0,0.00,-0.05,34,0
0.6806,位置-速度 0.0 deg (最高2000 ERPM, 加速5000),43,0.0,0,0.00,-0.05,34,0
0.7013,位置-速度 0.0 deg (最高2000 ERPM, 加速5000),43,0.0,0,0.00,-0.04,34,0
0.7220,位置-速度 0.0 deg (最高2000 ERPM, 加速5000),43,0.0,0,0.00,-0.06,34,0
0.7414,位置-速度 0.0 deg (最高2000 ERPM, 加速5000),43,0.0,0,0.00,-0.05,34,0
0.7601,位置-速度 0.0 deg (最高2000 ERPM, 加速5000),43,0.0,0,0.00,-0.07,34,0
0.7825,位置-速度 0.0 deg (最高2000 ERPM, 加速5000),43,0.0,0,0.00,-0.06,34,0
0.8025,位置-速度 0.0 deg (最高2000 ERPM, 加速5000),43,0.0,0,0.00,-0.05,34,0
0.8216,位置-速度 0.0 deg (最高2000 ERPM, 加速5000),43,0.0,0,0.00,-0.04,34,0
0.8415,位置-速度 0.0 deg (最高2000 ERPM, 加速5000),43,0.0,0,0.00,-0.06,34,0
0.8604,位置-速度 0.0 deg (最高2000 ERPM, 加速5000),43,0.0,0,0.00,-0.05,34,0
0.8803,位置-速度 0.0 deg (最高2000 ERPM, 加速5000),43,0.0,0,0.00,-0.05,34,0
0.9012,位置-速度 0.0 deg (最高2000 ERPM, 加速5000),43,0.0,0,0.00,-0.06,34,0
0.9219,位置-速度 0.0 deg (最高2000 ERPM, 加速5000),43,0.0,0,0.00,-0.04,34,0
0.9429,位置-速度 0.0 deg (最高2000 ERPM, 加速5000),43,0.0,0,0.00,-0.05,34,0
0.9602,位置-速度 0.0 deg (最高2000 ERPM, 加速5000),43,0.0,0,0.00,-0.06,34,0
0.9821,位置-速度 0.0 deg (最高2000 ERPM, 加速5000),43,0.0,0,0.00,-0.05,34,0
1.0002,位置-速度 0.0 deg (最高2000 ERPM, 加速5000),43,0.0,0,0.00,-0.06,34,0
1.0213,位置-速度 0.0 deg (最高2000 ERPM, 加速5000),43,0.0,0,0.00,-0.06,34,0
1.0424,位置-速度 0.0 deg (最高2000 ERPM, 加速5000),43,0.0,0,0.00,-0.06,34,0
1.0604,位置-速度 0.0 deg (最高2000 ERPM, 加速5000),43,0.0,0,0.00,-0.06,34,0
1.0822,位置-速度 0.0 deg (最高2000 ERPM, 加速5000),43,0.0,0,0.00,-0.04,34,0
1.1003,位置-速度 0.0 deg (最高2000 ERPM, 加速5000),43,0.0,0,0.00,-0.06,34,0
1.1222,位置-速度 0.0 deg (最高2000 ERPM, 加速5000),43,0.0,0,0.00,-0.06,34,0
1.1418,位置-速度 0.0 deg (最高2000 ERPM, 加速5000),43,0.0,0,0.00,-0.06,34,0
1.1605,位置-速度 0.0 deg (最高2000 ERPM, 加速5000),43,0.0,0,0.00,-0.05,34,0
1.1809,位置-速度 0.0 deg (最高2000 ERPM, 加速5000),43,0.0,0,0.00,-0.07,34,0
1.2024,位置-速度 0.0 deg (最高2000 ERPM, 加速5000),43,0.0,0,0.00,-0.07,34,0
1.2227,位置-速度 0.0 deg (最高2000 ERPM, 加速5000),43,0.0,0,0.00,-0.05,34,0
1.2409,位置-速度 0.0 deg (最高2000 ERPM, 加速5000),43,0.0,0,0.00,-0.06,34,0
1.2618,位置-速度 0.0 deg (最高2000 ERPM, 加速5000),43,0.0,0,0.00,-0.05,34,0
1.2801,位置-速度 0.0 deg (最高2000 ERPM, 加速5000),43,0.0,0,0.00,-0.06,34,0
1.3002,位置-速度 0.0 deg (最高2000 ERPM, 加速5000),43,0.0,0,0.00,-0.06,34,0
1.3217,位置-速度 0.0 deg (最高2000 ERPM, 加速5000),43,0.0,0,0.00,-0.05,34,0
1.3419,位置-速度 0.0 deg (最高2000 ERPM, 加速5000),43,0.0,0,0.00,-0.05,34,0
1.3610,位置-速度 0.0 deg (最高2000 ERPM, 加速5000),43,0.0,0,0.00,-0.05,34,0
1.3809,位置-速度 0.0 deg (最高2000 ERPM, 加速5000),43,0.0,0,0.00,-0.05,34,0
1.4010,位置-速度 0.0 deg (最高2000 ERPM, 加速5000),43,0.0,0,0.00,-0.06,34,0
1.4202,位置-速度 0.0 deg (最高2000 ERPM, 加速5000),43,0.0,0,0.00,-0.06,34,0
1.4402,位置-速度 0.0 deg (最高2000 ERPM, 加速5000),43,0.0,0,0.00,-0.05,34,0
1.4624,位置-速度 0.0 deg (最高2000 ERPM, 加速5000),43,0.0,0,0.00,-0.06,34,0
1.4808,位置-速度 0.0 deg (最高2000 ERPM, 加速5000),43,0.0,0,0.00,-0.06,34,0
1.5010,位置-速度 0.0 deg (最高2000 ERPM, 加速5000),43,0.0,0,0.00,-0.05,34,0
1.5204,位置-速度 0.0 deg (最高2000 ERPM, 加速5000),43,0.0,0,0.00,-0.06,34,0
1.5407,位置-速度 0.0 deg (最高2000 ERPM, 加速5000),43,0.0,0,0.00,-0.06,34,0
1.5613,位置-速度 0.0 deg (最高2000 ERPM, 加速5000),43,0.0,0,0.00,-0.06,34,0
1.5803,位置-速度 0.0 deg (最高2000 ERPM, 加速5000),43,0.0,0,0.00,-0.07,34,0
1.6003,位置-速度 0.0 deg (最高2000 ERPM, 加速5000),43,0.0,0,0.00,-0.07,34,0
1.6222,位置-速度 0.0 deg (最高2000 ERPM, 加速5000),43,0.0,0,0.00,-0.07,34,0
1.6410,位置-速度 0.0 deg (最高2000 ERPM, 加速5000),43,0.0,0,0.00,-0.07,34,0
1.6626,位置-速度 0.0 deg (最高2000 ERPM, 加速5000),43,0.0,0,0.00,-0.07,34,0
1.6801,位置-速度 0.0 deg (最高2000 ERPM, 加速5000),43,0.0,0,0.00,-0.09,34,0
1.7027,位置-速度 0.0 deg (最高2000 ERPM, 加速5000),43,0.0,0,0.00,-0.08,34,0
1.7221,位置-速度 0.0 deg (最高2000 ERPM, 加速5000),43,0.0,0,0.00,-0.07,34,0
1.7402,位置-速度 0.0 deg (最高2000 ERPM, 加速5000),43,0.0,0,0.00,-0.08,34,0
1.7634,位置-速度 0.0 deg (最高2000 ERPM, 加速5000),43,0.0,0,0.00,-0.07,34,0
1.7803,位置-速度 0.0 deg (最高2000 ERPM, 加速5000),43,0.0,0,0.00,-0.07,34,0
1.8022,位置-速度 0.0 deg (最高2000 ERPM, 加速5000),43,0.0,0,0.00,-0.07,34,0
1.8201,位置-速度 0.0 deg (最高2000 ERPM, 加速5000),43,0.0,0,0.00,-0.08,34,0
1.8406,位置-速度 0.0 deg (最高2000 ERPM, 加速5000),43,0.0,0,0.00,-0.07,34,0
1.8618,位置-速度 0.0 deg (最高2000 ERPM, 加速5000),43,0.0,0,0.00,-0.06,34,0
1.8803,位置-速度 0.0 deg (最高2000 ERPM, 加速5000),43,0.0,0,0.00,-0.05,34,0
1.9023,位置-速度 0.0 deg (最高2000 ERPM, 加速5000),43,0.0,0,0.00,-0.06,34,0
1.9203,位置-速度 0.0 deg (最高2000 ERPM, 加速5000),43,0.0,0,0.00,-0.07,34,0
1.9408,位置-速度 0.0 deg (最高2000 ERPM, 加速5000),43,0.0,0,0.00,-0.06,34,0
1.9619,位置-速度 0.0 deg (最高2000 ERPM, 加速5000),43,0.0,0,0.00,-0.07,34,0
1.9821,位置-速度 0.0 deg (最高2000 ERPM, 加速5000),43,0.0,0,0.00,-0.06,34,0
2.0022,位置-速度 0.0 deg (最高2000 ERPM, 加速5000),43,0.0,0,0.00,-0.07,34,0
2.0222,位置-速度 0.0 deg (最高2000 ERPM, 加速5000),43,0.0,0,0.00,-0.08,34,0
2.0425,位置-速度 0.0 deg (最高2000 ERPM, 加速5000),43,0.0,0,0.00,-0.06,34,0
2.0609,位置-速度 0.0 deg (最高2000 ERPM, 加速5000),43,0.0,0,0.00,-0.06,34,0
2.0804,位置-速度 0.0 deg (最高2000 ERPM, 加速5000),43,0.0,0,0.00,-0.07,34,0
2.1008,位置-速度 0.0 deg (最高2000 ERPM, 加速5000),43,0.0,0,0.00,-0.07,34,0
2.1211,位置-速度 0.0 deg (最高2000 ERPM, 加速5000),43,0.0,0,0.00,-0.07,34,0
2.1410,位置-速度 0.0 deg (最高2000 ERPM, 加速5000),43,0.0,0,0.00,-0.06,34,0
2.1606,位置-速度 0.0 deg (最高2000 ERPM, 加速5000),43,0.0,0,0.00,-0.08,34,0
2.1801,位置-速度 0.0 deg (最高2000 ERPM, 加速5000),43,0.0,0,0.00,-0.06,34,0
2.2023,位置-速度 0.0 deg (最高2000 ERPM, 加速5000),43,0.0,0,0.00,-0.07,34,0
2.2224,位置-速度 0.0 deg (最高2000 ERPM, 加速5000),43,0.0,0,0.00,-0.07,34,0
2.2413,位置-速度 0.0 deg (最高2000 ERPM, 加速5000),43,0.0,0,0.00,-0.06,34,0
2.2600,位置-速度 0.0 deg (最高2000 ERPM, 加速5000),43,0.0,0,0.00,-0.05,34,0
2.2804,位置-速度 0.0 deg (最高2000 ERPM, 加速5000),43,0.0,0,0.00,-0.07,34,0
2.3003,位置-速度 0.0 deg (最高2000 ERPM, 加速5000),43,0.0,0,0.00,-0.05,34,0
2.3212,位置-速度 0.0 deg (最高2000 ERPM, 加速5000),43,0.0,0,0.00,-0.06,34,0
2.3401,位置-速度 0.0 deg (最高2000 ERPM, 加速5000),43,0.0,0,0.00,-0.06,34,0
2.3601,位置-速度 0.0 deg (最高2000 ERPM, 加速5000),43,0.0,0,0.00,-0.07,34,0
2.3804,位置-速度 0.0 deg (最高2000 ERPM, 加速5000),43,0.0,0,0.00,-0.08,34,0
2.4008,位置-速度 0.0 deg (最高2000 ERPM, 加速5000),43,0.0,0,0.00,-0.06,34,0
2.4212,位置-速度 0.0 deg (最高2000 ERPM, 加速5000),43,0.0,0,0.00,-0.06,34,0
2.4415,位置-速度 0.0 deg (最高2000 ERPM, 加速5000),43,0.0,0,0.00,-0.06,34,0
2.4621,位置-速度 0.0 deg (最高2000 ERPM, 加速5000),43,0.0,0,0.00,-0.08,34,0
2.4802,位置-速度 0.0 deg (最高2000 ERPM, 加速5000),43,0.0,0,0.00,-0.07,34,0
2.5004,位置-速度 0.0 deg (最高2000 ERPM, 加速5000),43,0.0,0,0.00,-0.06,34,0
2.5217,位置-速度 0.0 deg (最高2000 ERPM, 加速5000),43,0.0,0,0.00,-0.06,34,0
2.5405,位置-速度 0.0 deg (最高2000 ERPM, 加速5000),43,0.0,0,0.00,-0.08,34,0
2.5617,位置-速度 0.0 deg (最高2000 ERPM, 加速5000),43,0.0,0,0.00,-0.07,34,0
2.5824,位置-速度 0.0 deg (最高2000 ERPM, 加速5000),43,0.0,0,0.00,-0.06,34,0
2.6024,位置-速度 0.0 deg (最高2000 ERPM, 加速5000),43,0.0,0,0.00,-0.06,34,0
2.6227,位置-速度 0.0 deg (最高2000 ERPM, 加速5000),43,0.0,0,0.00,-0.07,34,0
2.6409,位置-速度 0.0 deg (最高2000 ERPM, 加速5000),43,0.0,0,0.00,-0.06,34,0
2.6617,位置-速度 0.0 deg (最高2000 ERPM, 加速5000),43,0.0,0,0.00,-0.07,34,0
2.6810,位置-速度 0.0 deg (最高2000 ERPM, 加速5000),43,0.0,0,0.00,-0.07,34,0
2.7011,位置-速度 0.0 deg (最高2000 ERPM, 加速5000),43,0.0,0,0.00,-0.06,35,0
2.7218,位置-速度 0.0 deg (最高2000 ERPM, 加速5000),43,0.0,0,0.00,-0.06,34,0
2.7411,位置-速度 0.0 deg (最高2000 ERPM, 加速5000),43,0.0,0,0.00,-0.07,34,0
2.7611,位置-速度 0.0 deg (最高2000 ERPM, 加速5000),43,0.0,0,0.00,-0.07,35,0
2.7801,位置-速度 0.0 deg (最高2000 ERPM, 加速5000),43,0.0,0,0.00,-0.07,34,0
2.8001,位置-速度 0.0 deg (最高2000 ERPM, 加速5000),43,0.0,0,0.00,-0.08,34,0
2.8217,位置-速度 0.0 deg (最高2000 ERPM, 加速5000),43,0.0,0,0.00,-0.06,34,0
2.8409,位置-速度 0.0 deg (最高2000 ERPM, 加速5000),43,0.0,0,0.00,-0.08,34,0
2.8617,位置-速度 0.0 deg (最高2000 ERPM, 加速5000),43,0.0,0,0.00,-0.06,34,0
2.8818,位置-速度 0.0 deg (最高2000 ERPM, 加速5000),43,0.0,0,0.00,-0.08,34,0
2.9006,位置-速度 0.0 deg (最高2000 ERPM, 加速5000),43,0.0,0,0.00,-0.08,35,0
2.9205,位置-速度 0.0 deg (最高2000 ERPM, 加速5000),43,0.0,0,0.00,-0.05,35,0
2.9418,位置-速度 0.0 deg (最高2000 ERPM, 加速5000),43,0.0,0,0.00,-0.06,35,0
2.9602,位置-速度 0.0 deg (最高2000 ERPM, 加速5000),43,0.0,0,0.00,-0.06,35,0
2.9801,位置-速度 0.0 deg (最高2000 ERPM, 加速5000),43,0.0,0,0.00,-0.06,34,0
3.0022,位置-速度 0.0 deg (最高2000 ERPM, 加速5000),43,0.0,0,0.00,-0.06,34,0
3.0203,位置-速度 0.0 deg (最高2000 ERPM, 加速5000),43,0.0,0,0.00,-0.07,34,0
3.0402,位置-速度 0.0 deg (最高2000 ERPM, 加速5000),43,0.0,0,0.00,-0.06,34,0
3.0602,位置-速度 0.0 deg (最高2000 ERPM, 加速5000),43,0.0,0,0.00,-0.06,34,0
3.0819,位置-速度 0.0 deg (最高2000 ERPM, 加速5000),43,0.0,0,0.00,-0.06,34,0
3.1011,位置-速度 0.0 deg (最高2000 ERPM, 加速5000),43,0.0,0,0.00,-0.06,34,0
3.1211,位置-速度 0.0 deg (最高2000 ERPM, 加速5000),43,0.0,0,0.00,-0.06,34,0
3.1411,位置-速度 0.0 deg (最高2000 ERPM, 加速5000),43,0.0,0,0.00,-0.06,34,0
3.1606,位置-速度 0.0 deg (最高2000 ERPM, 加速5000),43,0.0,0,0.00,-0.06,34,0
3.1808,位置-速度 0.0 deg (最高2000 ERPM, 加速5000),43,0.0,0,0.00,-0.06,34,0
3.2023,位置-速度 0.0 deg (最高2000 ERPM, 加速5000),43,0.0,0,0.00,-0.05,34,0
3.2202,位置-速度 0.0 deg (最高2000 ERPM, 加速5000),43,0.0,0,0.00,-0.07,34,0
3.2400,位置-速度 0.0 deg (最高2000 ERPM, 加速5000),43,0.0,0,0.00,-0.05,34,0
3.2625,位置-速度 0.0 deg (最高2000 ERPM, 加速5000),43,0.0,0,0.00,-0.07,34,0
3.2800,位置-速度 0.0 deg (最高2000 ERPM, 加速5000),43,0.0,0,0.00,-0.06,34,0
3.3018,位置-速度 0.0 deg (最高2000 ERPM, 加速5000),43,0.0,0,0.00,-0.06,34,0
3.3216,位置-速度 0.0 deg (最高2000 ERPM, 加速5000),43,0.0,0,0.00,-0.07,34,0
3.3410,位置-速度 0.0 deg (最高2000 ERPM, 加速5000),43,0.0,0,0.00,-0.07,34,0
3.3601,位置-速度 0.0 deg (最高2000 ERPM, 加速5000),43,0.0,0,0.00,-0.06,34,0
3.3805,位置-速度 0.0 deg (最高2000 ERPM, 加速5000),43,0.0,0,0.00,-0.07,34,0
3.4026,位置-速度 0.0 deg (最高2000 ERPM, 加速5000),43,0.0,0,0.00,-0.07,34,0
3.4216,位置-速度 0.0 deg (最高2000 ERPM, 加速5000),43,0.0,0,0.00,-0.05,34,0
3.4405,位置-速度 0.0 deg (最高2000 ERPM, 加速5000),43,0.0,0,0.00,-0.06,34,0
3.4605,位置-速度 0.0 deg (最高2000 ERPM, 加速5000),43,0.0,0,0.00,-0.07,34,0
3.4806,位置-速度 0.0 deg (最高2000 ERPM, 加速5000),43,0.0,0,0.00,-0.05,34,0
3.5024,位置-速度 0.0 deg (最高2000 ERPM, 加速5000),43,0.0,0,0.00,-0.05,34,0
3.5213,位置-速度 0.0 deg (最高2000 ERPM, 加速5000),43,0.0,0,0.00,-0.06,34,0
3.5409,位置-速度 0.0 deg (最高2000 ERPM, 加速5000),43,0.0,0,0.00,-0.06,34,0
3.5600,位置-速度 0.0 deg (最高2000 ERPM, 加速5000),43,0.0,0,0.00,-0.07,34,0
3.5802,位置-速度 0.0 deg (最高2000 ERPM, 加速5000),43,0.0,0,0.00,-0.05,34,0
3.6027,位置-速度 0.0 deg (最高2000 ERPM, 加速5000),43,0.0,0,0.00,-0.06,34,0
3.6219,位置-速度 0.0 deg (最高2000 ERPM, 加速5000),43,0.0,0,0.00,-0.06,34,0
3.6407,位置-速度 0.0 deg (最高2000 ERPM, 加速5000),43,0.0,0,0.00,-0.06,34,0
3.6608,位置-速度 0.0 deg (最高2000 ERPM, 加速5000),43,0.0,0,0.00,-0.06,34,0
3.6826,位置-速度 0.0 deg (最高2000 ERPM, 加速5000),43,0.0,0,0.00,-0.06,34,0
3.7023,位置-速度 0.0 deg (最高2000 ERPM, 加速5000),43,0.0,0,0.00,-0.06,34,0
3.7213,位置-速度 0.0 deg (最高2000 ERPM, 加速5000),43,0.0,0,0.00,-0.05,34,0
3.7411,位置-速度 0.0 deg (最高2000 ERPM, 加速5000),43,0.0,0,0.00,-0.05,34,0
3.7620,位置-速度 0.0 deg (最高2000 ERPM, 加速5000),43,0.0,0,0.00,-0.07,34,0
3.7819,位置-速度 0.0 deg (最高2000 ERPM, 加速5000),43,0.0,0,0.00,-0.05,34,0
3.8001,位置-速度 0.0 deg (最高2000 ERPM, 加速5000),43,0.0,0,0.00,-0.06,34,0
3.8221,位置-速度 0.0 deg (最高2000 ERPM, 加速5000),43,0.0,0,0.00,-0.07,34,0
3.8411,位置-速度 0.0 deg (最高2000 ERPM, 加速5000),43,0.0,0,0.00,-0.05,34,0
3.8606,位置-速度 0.0 deg (最高2000 ERPM, 加速5000),43,0.0,0,0.00,-0.06,34,0
3.8815,位置-速度 0.0 deg (最高2000 ERPM, 加速5000),43,0.0,0,0.00,-0.05,34,0
3.9026,位置-速度 0.0 deg (最高2000 ERPM, 加速5000),43,0.0,0,0.00,-0.06,34,0
3.9213,位置-速度 0.0 deg (最高2000 ERPM, 加速5000),43,0.0,0,0.00,-0.05,34,0
3.9404,位置-速度 0.0 deg (最高2000 ERPM, 加速5000),43,0.0,0,0.00,-0.06,34,0
3.9612,位置-速度 0.0 deg (最高2000 ERPM, 加速5000),43,0.0,0,0.00,-0.06,34,0
3.9802,位置-速度 0.0 deg (最高2000 ERPM, 加速5000),43,0.0,0,0.00,-0.07,34,0
4.0006,位置-速度 0.0 deg (最高2000 ERPM, 加速5000),43,0.0,0,0.00,-0.06,34,0
4.0209,位置-速度 0.0 deg (最高2000 ERPM, 加速5000),43,0.0,0,0.00,-0.06,34,0
4.0413,位置-速度 0.0 deg (最高2000 ERPM, 加速5000),43,0.0,0,0.00,-0.07,34,0
4.0628,位置-速度 0.0 deg (最高2000 ERPM, 加速5000),43,0.0,0,0.00,-0.05,34,0
4.0801,位置-速度 0.0 deg (最高2000 ERPM, 加速5000),43,0.0,0,0.00,-0.07,34,0
4.1002,位置-速度 0.0 deg (最高2000 ERPM, 加速5000),43,0.0,0,0.00,-0.05,34,0
4.1201,位置-速度 0.0 deg (最高2000 ERPM, 加速5000),43,0.0,0,0.00,-0.05,34,0
4.1423,位置-速度 0.0 deg (最高2000 ERPM, 加速5000),43,0.0,0,0.00,-0.05,34,0
4.1611,位置-速度 0.0 deg (最高2000 ERPM, 加速5000),43,0.0,0,0.00,-0.06,34,0
4.1826,位置-速度 0.0 deg (最高2000 ERPM, 加速5000),43,0.0,0,0.00,-0.05,34,0
4.2013,位置-速度 0.0 deg (最高2000 ERPM, 加速5000),43,0.0,0,0.00,-0.06,34,0
4.2221,位置-速度 0.0 deg (最高2000 ERPM, 加速5000),43,0.0,0,0.00,-0.05,34,0
4.2406,位置-速度 0.0 deg (最高2000 ERPM, 加速5000),43,0.0,0,0.00,-0.06,34,0
4.2601,位置-速度 0.0 deg (最高2000 ERPM, 加速5000),43,0.0,0,0.00,-0.05,34,0
4.2801,位置-速度 0.0 deg (最高2000 ERPM, 加速5000),43,0.0,0,0.00,-0.06,34,0
4.3020,位置-速度 0.0 deg (最高2000 ERPM, 加速5000),43,0.0,0,0.00,-0.06,34,0
4.3217,位置-速度 0.0 deg (最高2000 ERPM, 加速5000),43,0.0,0,0.00,-0.05,34,0
4.3426,位置-速度 0.0 deg (最高2000 ERPM, 加速5000),43,0.0,0,0.00,-0.05,34,0
4.3623,位置-速度 0.0 deg (最高2000 ERPM, 加速5000),43,0.0,0,0.00,-0.06,34,0
4.3827,位置-速度 0.0 deg (最高2000 ERPM, 加速5000),43,0.0,0,0.00,-0.06,34,0
4.4032,位置-速度 0.0 deg (最高2000 ERPM, 加速5000),43,0.0,0,0.00,-0.06,34,0
4.4219,位置-速度 0.0 deg (最高2000 ERPM, 加速5000),43,0.0,0,0.00,-0.06,34,0
4.4403,位置-速度 0.0 deg (最高2000 ERPM, 加速5000),43,0.0,0,0.00,-0.06,34,0
4.4623,位置-速度 0.0 deg (最高2000 ERPM, 加速5000),43,0.0,0,0.00,-0.07,34,0
4.4800,位置-速度 0.0 deg (最高2000 ERPM, 加速5000),43,0.0,0,0.00,-0.06,34,0
4.5008,位置-速度 0.0 deg (最高2000 ERPM, 加速5000),43,0.0,0,0.00,-0.06,34,0
4.5208,位置-速度 0.0 deg (最高2000 ERPM, 加速5000),43,0.0,0,0.00,-0.06,34,0
4.5401,位置-速度 0.0 deg (最高2000 ERPM, 加速5000),43,0.0,0,0.00,-0.05,34,0
4.5627,位置-速度 0.0 deg (最高2000 ERPM, 加速5000),43,0.0,0,0.00,-0.07,34,0
4.5822,位置-速度 0.0 deg (最高2000 ERPM, 加速5000),43,0.0,0,0.00,-0.07,34,0
4.6001,位置-速度 0.0 deg (最高2000 ERPM, 加速5000),43,0.0,0,0.00,-0.06,34,0
4.6207,位置-速度 0.0 deg (最高2000 ERPM, 加速5000),43,0.0,0,0.00,-0.07,34,0
4.6405,位置-速度 0.0 deg (最高2000 ERPM, 加速5000),43,0.0,0,0.00,-0.04,34,0
4.6602,位置-速度 0.0 deg (最高2000 ERPM, 加速5000),43,0.0,0,0.00,-0.05,34,0
4.6805,位置-速度 0.0 deg (最高2000 ERPM, 加速5000),43,0.0,0,0.00,-0.06,34,0
4.7008,位置-速度 0.0 deg (最高2000 ERPM, 加速5000),43,0.0,0,0.00,-0.07,34,0
4.7203,位置-速度 0.0 deg (最高2000 ERPM, 加速5000),43,0.0,0,0.00,-0.07,34,0
4.7422,位置-速度 0.0 deg (最高2000 ERPM, 加速5000),43,0.0,0,0.00,-0.05,34,0
4.7622,位置-速度 0.0 deg (最高2000 ERPM, 加速5000),43,0.0,0,0.00,-0.05,34,0
4.7820,位置-速度 0.0 deg (最高2000 ERPM, 加速5000),43,0.0,0,0.00,-0.06,34,0
4.8011,位置-速度 0.0 deg (最高2000 ERPM, 加速5000),43,0.0,0,0.00,-0.06,34,0
4.8203,位置-速度 0.0 deg (最高2000 ERPM, 加速5000),43,0.0,0,0.00,-0.06,34,0
4.8425,位置-速度 0.0 deg (最高2000 ERPM, 加速5000),43,0.0,0,0.00,-0.06,34,0
4.8627,位置-速度 0.0 deg (最高2000 ERPM, 加速5000),43,0.0,0,0.00,-0.06,34,0
4.8802,位置-速度 0.0 deg (最高2000 ERPM, 加速5000),43,0.0,0,0.00,-0.06,34,0
4.9004,位置-速度 0.0 deg (最高2000 ERPM, 加速5000),43,0.0,0,0.00,-0.05,34,0
4.9203,位置-速度 0.0 deg (最高2000 ERPM, 加速5000),43,0.0,0,0.00,-0.06,34,0
4.9401,位置-速度 0.0 deg (最高2000 ERPM, 加速5000),43,0.0,0,0.00,-0.05,34,0
4.9604,位置-速度 0.0 deg (最高2000 ERPM, 加速5000),43,0.0,0,0.00,-0.05,34,0
4.9807,位置-速度 0.0 deg (最高2000 ERPM, 加速5000),43,0.0,0,0.00,-0.06,34,0
0.0000,位置-速度 45.0 deg (最高2000 ERPM, 加速5000),43,0.0,0,0.00,0.00,34,0
0.0219,位置-速度 45.0 deg (最高2000 ERPM, 加速5000),43,0.0,0,0.00,0.22,34,0
0.0413,位置-速度 45.0 deg (最高2000 ERPM, 加速5000),43,0.0,20,0.63,0.46,34,0
0.0608,位置-速度 45.0 deg (最高2000 ERPM, 加速5000),43,0.0,80,2.54,0.68,34,0
0.0803,位置-速度 45.0 deg (最高2000 ERPM, 加速5000),43,0.2,340,10.79,0.17,34,0
0.1011,位置-速度 45.0 deg (最高2000 ERPM, 加速5000),43,0.5,390,12.38,0.20,34,0
0.1205,位置-速度 45.0 deg (最高2000 ERPM, 加速5000),43,0.9,540,17.14,0.28,34,0
0.1421,位置-速度 45.0 deg (最高2000 ERPM, 加速5000),43,1.3,650,20.63,0.60,34,0
0.1610,位置-速度 45.0 deg (最高2000 ERPM, 加速5000),43,1.8,770,24.44,0.40,34,0
0.1810,位置-速度 45.0 deg (最高2000 ERPM, 加速5000),43,2.3,880,27.94,-0.10,34,0
0.2002,位置-速度 45.0 deg (最高2000 ERPM, 加速5000),43,2.9,930,29.52,0.38,34,0
0.2222,位置-速度 45.0 deg (最高2000 ERPM, 加速5000),43,3.6,1060,33.65,0.53,34,0
0.2410,位置-速度 45.0 deg (最高2000 ERPM, 加速5000),43,4.3,1150,36.51,-0.02,34,0
0.2605,位置-速度 45.0 deg (最高2000 ERPM, 加速5000),43,5.1,1210,38.41,0.62,34,0
0.2810,位置-速度 45.0 deg (最高2000 ERPM, 加速5000),43,5.9,1340,42.54,0.14,34,0
0.3019,位置-速度 45.0 deg (最高2000 ERPM, 加速5000),43,6.8,1470,46.67,0.37,34,0
0.3212,位置-速度 45.0 deg (最高2000 ERPM, 加速5000),43,7.8,1550,49.21,0.12,34,0
0.3423,位置-速度 45.0 deg (最高2000 ERPM, 加速5000),43,8.8,1650,52.38,0.54,34,0
0.3622,位置-速度 45.0 deg (最高2000 ERPM, 加速5000),43,9.9,1740,55.24,0.13,34,0
0.3815,位置-速度 45.0 deg (最高2000 ERPM, 加速5000),43,11.1,1860,59.05,0.55,34,0
0.4000,位置-速度 45.0 deg (最高2000 ERPM, 加速5000),43,12.4,1970,62.54,0.24,34,0
0.4215,位置-速度 45.0 deg (最高2000 ERPM, 加速5000),43,13.6,2010,63.81,0.06,34,0
0.4412,位置-速度 45.0 deg (最高2000 ERPM, 加速5000),43,14.9,2020,64.13,0.51,34,0
0.4608,位置-速度 45.0 deg (最高2000 ERPM, 加速5000),43,16.2,2030,64.44,0.26,34,0
0.4826,位置-速度 45.0 deg (最高2000 ERPM, 加速5000),43,17.5,2030,64.44,0.04,34,0
0.5001,位置-速度 45.0 deg (最高2000 ERPM, 加速5000),43,18.8,2030,64.44,0.53,34,0
0.5203,位置-速度 45.0 deg (最高2000 ERPM, 加速5000),43,20.1,2040,64.76,0.32,34,0
0.5424,位置-速度 45.0 deg (最高2000 ERPM, 加速5000),43,21.4,2030,64.44,-0.05,34,0
0.5616,位置-速度 45.0 deg (最高2000 ERPM, 加速5000),43,22.7,2020,64.13,0.42,34,0
0.5819,位置-速度 45.0 deg (最高2000 ERPM, 加速5000),43,24.0,2010,63.81,0.33,34,0
0.6011,位置-速度 45.0 deg (最高2000 ERPM, 加速5000),43,25.2,2000,63.49,0.12,34,0
0.6209,位置-速度 45.0 deg (最高2000 ERPM, 加速5000),43,26.5,2010,63.81,0.36,34,0
0.6406,位置-速度 45.0 deg (最高2000 ERPM, 加速5000),43,27.8,2000,63.49,0.39,34,0
0.6608,位置-速度 45.0 deg (最高2000 ERPM, 加速5000),43,29.1,2000,63.49,0.06,34,0
0.6813,位置-速度 45.0 deg (最高2000 ERPM, 加速5000),43,30.3,2000,63.49,0.40,34,0
0.7023,位置-速度 45.0 deg (最高2000 ERPM, 加速5000),43,31.6,1990,63.17,0.38,34,0
0.7207,位置-速度 45.0 deg (最高2000 ERPM, 加速5000),43,32.9,1980,62.86,-0.01,34,0
0.7407,位置-速度 45.0 deg (最高2000 ERPM, 加速5000),43,34.1,1890,60.00,0.45,34,0
0.7606,位置-速度 45.0 deg (最高2000 ERPM, 加速5000),43,35.2,1810,57.46,0.21,34,0
0.7804,位置-速度 45.0 deg (最高2000 ERPM, 加速5000),43,36.3,1720,54.60,0.08,34,0
0.8018,位置-速度 45.0 deg (最高2000 ERPM, 加速5000),43,37.4,1600,50.79,0.45,34,0
0.8210,位置-速度 45.0 deg (最高2000 ERPM, 加速5000),43,38.4,1500,47.62,0.02,34,0
0.8407,位置-速度 45.0 deg (最高2000 ERPM, 加速5000),43,39.3,1400,44.44,0.42,34,0
0.8605,位置-速度 45.0 deg (最高2000 ERPM, 加速5000),43,40.1,1330,42.22,0.08,34,0
0.8819,位置-速度 45.0 deg (最高2000 ERPM, 加速5000),43,40.9,1210,38.41,0.17,34,0
0.9021,位置-速度 45.0 deg (最高2000 ERPM, 加速5000),43,41.6,1090,34.60,0.55,34,0
0.9216,位置-速度 45.0 deg (最高2000 ERPM, 加速5000),43,42.3,1030,32.70,-0.12,34,0
0.9417,位置-速度 45.0 deg (最高2000 ERPM, 加速5000),43,42.8,870,27.62,0.22,34,0
0.9603,位置-速度 45.0 deg (最高2000 ERPM, 加速5000),43,43.4,840,26.67,0.45,34,0
0.9804,位置-速度 45.0 deg (最高2000 ERPM, 加速5000),43,43.8,650,20.63,0.27,34,0
1.0014,位置-速度 45.0 deg (最高2000 ERPM, 加速5000),43,44.2,630,20.00,-0.15,34,0
1.0211,位置-速度 45.0 deg (最高2000 ERPM, 加速5000),43,44.5,540,17.14,-0.15,34,0
1.0402,位置-速度 45.0 deg (最高2000 ERPM, 加速5000),43,44.7,170,5.40,0.62,34,0
1.0618,位置-速度 45.0 deg (最高2000 ERPM, 加速5000),43,44.9,340,10.79,0.28,34,0
1.0802,位置-速度 45.0 deg (最高2000 ERPM, 加速5000),43,45.0,50,1.59,0.79,34,0
1.1011,位置-速度 45.0 deg (最高2000 ERPM, 加速5000),43,45.0,10,0.32,0.81,34,0
1.1205,位置-速度 45.0 deg (最高2000 ERPM, 加速5000),43,45.0,0,0.00,0.75,34,0
1.1425,位置-速度 45.0 deg (最高2000 ERPM, 加速5000),43,45.0,0,0.00,0.72,34,0
1.1617,位置-速度 45.0 deg (最高2000 ERPM, 加速5000),43,45.0,0,0.00,0.70,34,0
1.1824,位置-速度 45.0 deg (最高2000 ERPM, 加速5000),43,45.0,0,0.00,0.72,34,0
1.2005,位置-速度 45.0 deg (最高2000 ERPM, 加速5000),43,45.0,0,0.00,0.73,34,0
1.2221,位置-速度 45.0 deg (最高2000 ERPM, 加速5000),43,45.0,0,0.00,0.72,34,0
1.2404,位置-速度 45.0 deg (最高2000 ERPM, 加速5000),43,45.0,0,0.00,0.71,34,0
1.2618,位置-速度 45.0 deg (最高2000 ERPM, 加速5000),43,45.0,0,0.00,0.68,34,0
1.2802,位置-速度 45.0 deg (最高2000 ERPM, 加速5000),43,45.0,0,0.00,0.67,34,0
1.3023,位置-速度 45.0 deg (最高2000 ERPM, 加速5000),43,45.0,0,0.00,0.70,34,0
1.3203,位置-速度 45.0 deg (最高2000 ERPM, 加速5000),43,45.0,0,0.00,0.70,34,0
1.3418,位置-速度 45.0 deg (最高2000 ERPM, 加速5000),43,45.0,0,0.00,0.71,34,0
1.3628,位置-速度 45.0 deg (最高2000 ERPM, 加速5000),43,45.0,0,0.00,0.68,34,0
1.3802,位置-速度 45.0 deg (最高2000 ERPM, 加速5000),43,45.0,0,0.00,0.67,34,0
1.4021,位置-速度 45.0 deg (最高2000 ERPM, 加速5000),43,45.0,0,0.00,0.70,34,0
1.4209,位置-速度 45.0 deg (最高2000 ERPM, 加速5000),43,45.0,0,0.00,0.67,34,0
1.4408,位置-速度 45.0 deg (最高2000 ERPM, 加速5000),43,45.0,0,0.00,0.71,34,0
1.4616,位置-速度 45.0 deg (最高2000 ERPM, 加速5000),43,45.0,0,0.00,0.69,34,0
1.4824,位置-速度 45.0 deg (最高2000 ERPM, 加速5000),43,45.0,0,0.00,0.70,34,0
1.5023,位置-速度 45.0 deg (最高2000 ERPM, 加速5000),43,45.0,0,0.00,0.66,34,0
1.5220,位置-速度 45.0 deg (最高2000 ERPM, 加速5000),43,45.0,0,0.00,0.67,34,0
1.5419,位置-速度 45.0 deg (最高2000 ERPM, 加速5000),43,45.0,0,0.00,0.68,34,0
1.5616,位置-速度 45.0 deg (最高2000 ERPM, 加速5000),43,45.0,0,0.00,0.63,34,0
1.5825,位置-速度 45.0 deg (最高2000 ERPM, 加速5000),43,45.0,0,0.00,0.64,35,0
1.6026,位置-速度 45.0 deg (最高2000 ERPM, 加速5000),43,45.0,0,0.00,0.63,35,0
1.6209,位置-速度 45.0 deg (最高2000 ERPM, 加速5000),43,45.0,0,0.00,0.64,35,0
1.6407,位置-速度 45.0 deg (最高2000 ERPM, 加速5000),43,45.0,0,0.00,0.59,35,0
1.6603,位置-速度 45.0 deg (最高2000 ERPM, 加速5000),43,45.0,0,0.00,0.58,35,0
1.6801,位置-速度 45.0 deg (最高2000 ERPM, 加速5000),43,45.0,0,0.00,0.60,35,0
1.7004,位置-速度 45.0 deg (最高2000 ERPM, 加速5000),43,45.0,0,0.00,0.58,35,0
1.7221,位置-速度 45.0 deg (最高2000 ERPM, 加速5000),43,45.0,0,0.00,0.58,35,0
1.7417,位置-速度 45.0 deg (最高2000 ERPM, 加速5000),43,45.0,0,0.00,0.58,35,0
1.7614,位置-速度 45.0 deg (最高2000 ERPM, 加速5000),43,45.0,0,0.00,0.60,34,0
1.7809,位置-速度 45.0 deg (最高2000 ERPM, 加速5000),43,45.0,0,0.00,0.58,35,0
1.8003,位置-速度 45.0 deg (最高2000 ERPM, 加速5000),43,45.0,0,0.00,0.61,35,0
1.8204,位置-速度 45.0 deg (最高2000 ERPM, 加速5000),43,45.0,0,0.00,0.58,35,0
1.8424,位置-速度 45.0 deg (最高2000 ERPM, 加速5000),43,45.0,0,0.00,0.59,35,0
1.8605,位置-速度 45.0 deg (最高2000 ERPM, 加速5000),43,45.0,0,0.00,0.56,35,0
1.8812,位置-速度 45.0 deg (最高2000 ERPM, 加速5000),43,45.0,0,0.00,0.56,35,0
1.9000,位置-速度 45.0 deg (最高2000 ERPM, 加速5000),43,45.0,0,0.00,0.58,35,0
1.9222,位置-速度 45.0 deg (最高2000 ERPM, 加速5000),43,45.0,0,0.00,0.56,35,0
1.9411,位置-速度 45.0 deg (最高2000 ERPM, 加速5000),43,45.0,0,0.00,0.53,35,0
1.9604,位置-速度 45.0 deg (最高2000 ERPM, 加速5000),43,45.0,0,0.00,0.54,35,0
1.9803,位置-速度 45.0 deg (最高2000 ERPM, 加速5000),43,45.0,0,0.00,0.57,35,0
2.0001,位置-速度 45.0 deg (最高2000 ERPM, 加速5000),43,45.0,0,0.00,0.55,35,0
2.0203,位置-速度 45.0 deg (最高2000 ERPM, 加速5000),43,45.0,0,0.00,0.52,35,0
2.0411,位置-速度 45.0 deg (最高2000 ERPM, 加速5000),43,45.0,0,0.00,0.58,35,0
2.0609,位置-速度 45.0 deg (最高2000 ERPM, 加速5000),43,45.0,0,0.00,0.54,35,0
2.0801,位置-速度 45.0 deg (最高2000 ERPM, 加速5000),43,45.0,0,0.00,0.58,35,0
2.1000,位置-速度 45.0 deg (最高2000 ERPM, 加速5000),43,45.0,0,0.00,0.53,35,0
2.1220,位置-速度 45.0 deg (最高2000 ERPM, 加速5000),43,45.0,0,0.00,0.53,35,0
2.1407,位置-速度 45.0 deg (最高2000 ERPM, 加速5000),43,45.0,0,0.00,0.56,35,0
2.1608,位置-速度 45.0 deg (最高2000 ERPM, 加速5000),43,45.0,0,0.00,0.57,35,0
2.1822,位置-速度 45.0 deg (最高2000 ERPM, 加速5000),43,45.0,0,0.00,0.51,35,0
2.2020,位置-速度 45.0 deg (最高2000 ERPM, 加速5000),43,45.0,0,0.00,0.50,35,0
2.2213,位置-速度 45.0 deg (最高2000 ERPM, 加速5000),43,45.0,0,0.00,0.53,35,0
2.2404,位置-速度 45.0 deg (最高2000 ERPM, 加速5000),43,45.0,0,0.00,0.49,35,0
2.2606,位置-速度 45.0 deg (最高2000 ERPM, 加速5000),43,45.0,0,0.00,0.50,35,0
2.2809,位置-速度 45.0 deg (最高2000 ERPM, 加速5000),43,45.0,0,0.00,0.51,35,0
2.3021,位置-速度 45.0 deg (最高2000 ERPM, 加速5000),43,45.0,0,0.00,0.51,34,0
2.3209,位置-速度 45.0 deg (最高2000 ERPM, 加速5000),43,45.0,0,0.00,0.51,34,0
2.3403,位置-速度 45.0 deg (最高2000 ERPM, 加速5000),43,45.0,0,0.00,0.55,34,0
2.3609,位置-速度 45.0 deg (最高2000 ERPM, 加速5000),43,45.0,0,0.00,0.51,34,0
2.3802,位置-速度 45.0 deg (最高2000 ERPM, 加速5000),43,45.0,0,0.00,0.52,34,0
2.4001,位置-速度 45.0 deg (最高2000 ERPM, 加速5000),43,45.0,0,0.00,0.54,34,0
2.4224,位置-速度 45.0 deg (最高2000 ERPM, 加速5000),43,45.0,0,0.00,0.50,34,0
2.4413,位置-速度 45.0 deg (最高2000 ERPM, 加速5000),43,45.0,0,0.00,0.50,34,0
2.4614,位置-速度 45.0 deg (最高2000 ERPM, 加速5000),43,45.0,0,0.00,0.53,34,0
2.4813,位置-速度 45.0 deg (最高2000 ERPM, 加速5000),43,45.0,0,0.00,0.51,34,0
2.5006,位置-速度 45.0 deg (最高2000 ERPM, 加速5000),43,45.0,0,0.00,0.51,34,0
2.5207,位置-速度 45.0 deg (最高2000 ERPM, 加速5000),43,45.0,0,0.00,0.49,34,0
2.5416,位置-速度 45.0 deg (最高2000 ERPM, 加速5000),43,45.0,0,0.00,0.49,34,0
2.5608,位置-速度 45.0 deg (最高2000 ERPM, 加速5000),43,45.0,0,0.00,0.53,34,0
2.5820,位置-速度 45.0 deg (最高2000 ERPM, 加速5000),43,45.0,0,0.00,0.50,34,0
2.6013,位置-速度 45.0 deg (最高2000 ERPM, 加速5000),43,45.0,0,0.00,0.50,34,0
2.6230,位置-速度 45.0 deg (最高2000 ERPM, 加速5000),43,45.0,0,0.00,0.49,34,0
2.6412,位置-速度 45.0 deg (最高2000 ERPM, 加速5000),43,45.0,0,0.00,0.49,34,0
2.6607,位置-速度 45.0 deg (最高2000 ERPM, 加速5000),43,45.0,0,0.00,0.52,34,0
2.6805,位置-速度 45.0 deg (最高2000 ERPM, 加速5000),43,45.0,0,0.00,0.52,34,0
2.7025,位置-速度 45.0 deg (最高2000 ERPM, 加速5000),43,45.0,0,0.00,0.51,34,0
2.7208,位置-速度 45.0 deg (最高2000 ERPM, 加速5000),43,45.0,0,0.00,0.49,34,0
2.7417,位置-速度 45.0 deg (最高2000 ERPM, 加速5000),43,45.0,0,0.00,0.50,34,0
2.7621,位置-速度 45.0 deg (最高2000 ERPM, 加速5000),43,45.0,0,0.00,0.49,34,0
2.7810,位置-速度 45.0 deg (最高2000 ERPM, 加速5000),43,45.0,0,0.00,0.46,34,0
2.8022,位置-速度 45.0 deg (最高2000 ERPM, 加速5000),43,45.0,0,0.00,0.48,34,0
2.8222,位置-速度 45.0 deg (最高2000 ERPM, 加速5000),43,45.0,0,0.00,0.48,34,0
2.8419,位置-速度 45.0 deg (最高2000 ERPM, 加速5000),43,45.0,0,0.00,0.50,34,0
2.8604,位置-速度 45.0 deg (最高2000 ERPM, 加速5000),43,45.0,0,0.00,0.47,34,0
2.8827,位置-速度 45.0 deg (最高2000 ERPM, 加速5000),43,45.0,0,0.00,0.49,34,0
2.9024,位置-速度 45.0 deg (最高2000 ERPM, 加速5000),43,45.0,0,0.00,0.49,34,0
2.9235,位置-速度 45.0 deg (最高2000 ERPM, 加速5000),43,45.0,0,0.00,0.47,34,0
2.9402,位置-速度 45.0 deg (最高2000 ERPM, 加速5000),43,45.0,0,0.00,0.48,34,0
2.9619,位置-速度 45.0 deg (最高2000 ERPM, 加速5000),43,45.0,0,0.00,0.51,34,0
2.9812,位置-速度 45.0 deg (最高2000 ERPM, 加速5000),43,45.0,0,0.00,0.48,34,0
3.0003,位置-速度 45.0 deg (最高2000 ERPM, 加速5000),43,45.0,0,0.00,0.46,34,0
3.0216,位置-速度 45.0 deg (最高2000 ERPM, 加速5000),43,45.0,0,0.00,0.49,34,0
3.0403,位置-速度 45.0 deg (最高2000 ERPM, 加速5000),43,45.0,0,0.00,0.48,34,0
3.0609,位置-速度 45.0 deg (最高2000 ERPM, 加速5000),43,45.0,0,0.00,0.47,34,0
3.0822,位置-速度 45.0 deg (最高2000 ERPM, 加速5000),43,45.0,0,0.00,0.46,34,0
3.1028,位置-速度 45.0 deg (最高2000 ERPM, 加速5000),43,45.0,0,0.00,0.45,34,0
3.1205,位置-速度 45.0 deg (最高2000 ERPM, 加速5000),43,45.0,0,0.00,0.46,34,0
3.1419,位置-速度 45.0 deg (最高2000 ERPM, 加速5000),43,45.0,0,0.00,0.45,34,0
3.1606,位置-速度 45.0 deg (最高2000 ERPM, 加速5000),43,45.0,0,0.00,0.49,34,0
3.1817,位置-速度 45.0 deg (最高2000 ERPM, 加速5000),43,45.0,0,0.00,0.48,34,0
3.2023,位置-速度 45.0 deg (最高2000 ERPM, 加速5000),43,45.0,0,0.00,0.47,34,0
3.2217,位置-速度 45.0 deg (最高2000 ERPM, 加速5000),43,45.0,0,0.00,0.50,34,0
3.2418,位置-速度 45.0 deg (最高2000 ERPM, 加速5000),43,45.0,0,0.00,0.48,34,0
3.2615,位置-速度 45.0 deg (最高2000 ERPM, 加速5000),43,45.0,0,0.00,0.46,34,0
3.2822,位置-速度 45.0 deg (最高2000 ERPM, 加速5000),43,45.0,0,0.00,0.49,34,0
3.3026,位置-速度 45.0 deg (最高2000 ERPM, 加速5000),43,45.0,0,0.00,0.45,34,0
3.3208,位置-速度 45.0 deg (最高2000 ERPM, 加速5000),43,45.0,0,0.00,0.46,34,0
3.3426,位置-速度 45.0 deg (最高2000 ERPM, 加速5000),43,45.0,0,0.00,0.47,34,0
3.3605,位置-速度 45.0 deg (最高2000 ERPM, 加速5000),43,45.0,0,0.00,0.48,34,0
3.3820,位置-速度 45.0 deg (最高2000 ERPM, 加速5000),43,45.0,0,0.00,0.47,34,0
3.4003,位置-速度 45.0 deg (最高2000 ERPM, 加速5000),43,45.0,0,0.00,0.42,34,0
3.4221,位置-速度 45.0 deg (最高2000 ERPM, 加速5000),43,45.0,0,0.00,0.44,34,0
3.4422,位置-速度 45.0 deg (最高2000 ERPM, 加速5000),43,45.0,0,0.00,0.47,34,0
3.4602,位置-速度 45.0 deg (最高2000 ERPM, 加速5000),43,45.0,0,0.00,0.46,34,0
3.4825,位置-速度 45.0 deg (最高2000 ERPM, 加速5000),43,45.0,0,0.00,0.49,34,0
3.5011,位置-速度 45.0 deg (最高2000 ERPM, 加速5000),43,45.0,0,0.00,0.41,34,0
3.5210,位置-速度 45.0 deg (最高2000 ERPM, 加速5000),43,45.0,0,0.00,0.47,34,0
3.5406,位置-速度 45.0 deg (最高2000 ERPM, 加速5000),43,45.0,0,0.00,0.49,34,0
3.5616,位置-速度 45.0 deg (最高2000 ERPM, 加速5000),43,45.0,0,0.00,0.43,34,0
3.5808,位置-速度 45.0 deg (最高2000 ERPM, 加速5000),43,45.0,0,0.00,0.44,34,0
3.6011,位置-速度 45.0 deg (最高2000 ERPM, 加速5000),43,45.0,0,0.00,0.48,34,0
3.6209,位置-速度 45.0 deg (最高2000 ERPM, 加速5000),43,45.0,0,0.00,0.44,34,0
3.6422,位置-速度 45.0 deg (最高2000 ERPM, 加速5000),43,45.0,0,0.00,0.45,34,0
3.6608,位置-速度 45.0 deg (最高2000 ERPM, 加速5000),43,45.0,0,0.00,0.41,34,0
3.6800,位置-速度 45.0 deg (最高2000 ERPM, 加速5000),43,45.0,0,0.00,0.41,34,0
3.7010,位置-速度 45.0 deg (最高2000 ERPM, 加速5000),43,45.0,0,0.00,0.43,34,0
3.7214,位置-速度 45.0 deg (最高2000 ERPM, 加速5000),43,45.0,0,0.00,0.42,34,0
3.7414,位置-速度 45.0 deg (最高2000 ERPM, 加速5000),43,45.0,0,0.00,0.38,34,0
3.7610,位置-速度 45.0 deg (最高2000 ERPM, 加速5000),43,45.0,0,0.00,0.38,34,0
3.7803,位置-速度 45.0 deg (最高2000 ERPM, 加速5000),43,45.0,0,0.00,0.38,34,0
3.8004,位置-速度 45.0 deg (最高2000 ERPM, 加速5000),43,45.0,0,0.00,0.40,34,0
3.8209,位置-速度 45.0 deg (最高2000 ERPM, 加速5000),43,45.0,0,0.00,0.41,34,0
3.8401,位置-速度 45.0 deg (最高2000 ERPM, 加速5000),43,45.0,0,0.00,0.39,34,0
3.8612,位置-速度 45.0 deg (最高2000 ERPM, 加速5000),43,45.0,0,0.00,0.37,34,0
3.8803,位置-速度 45.0 deg (最高2000 ERPM, 加速5000),43,45.0,0,0.00,0.40,34,0
3.9003,位置-速度 45.0 deg (最高2000 ERPM, 加速5000),43,45.0,0,0.00,0.40,34,0
3.9206,位置-速度 45.0 deg (最高2000 ERPM, 加速5000),43,45.0,0,0.00,0.40,34,0
3.9407,位置-速度 45.0 deg (最高2000 ERPM, 加速5000),43,45.0,0,0.00,0.40,34,0
3.9604,位置-速度 45.0 deg (最高2000 ERPM, 加速5000),43,45.0,0,0.00,0.39,34,0
3.9820,位置-速度 45.0 deg (最高2000 ERPM, 加速5000),43,45.0,0,0.00,0.41,34,0
4.0008,位置-速度 45.0 deg (最高2000 ERPM, 加速5000),43,45.0,0,0.00,0.41,34,0
4.0202,位置-速度 45.0 deg (最高2000 ERPM, 加速5000),43,45.0,0,0.00,0.41,34,0
4.0418,位置-速度 45.0 deg (最高2000 ERPM, 加速5000),43,45.0,0,0.00,0.39,34,0
4.0606,位置-速度 45.0 deg (最高2000 ERPM, 加速5000),43,45.0,0,0.00,0.38,34,0
4.0804,位置-速度 45.0 deg (最高2000 ERPM, 加速5000),43,45.0,0,0.00,0.41,34,0
4.1006,位置-速度 45.0 deg (最高2000 ERPM, 加速5000),43,45.0,0,0.00,0.37,34,0
4.1203,位置-速度 45.0 deg (最高2000 ERPM, 加速5000),43,45.0,0,0.00,0.37,34,0
4.1402,位置-速度 45.0 deg (最高2000 ERPM, 加速5000),43,45.0,0,0.00,0.41,34,0
4.1608,位置-速度 45.0 deg (最高2000 ERPM, 加速5000),43,45.0,0,0.00,0.38,34,0
4.1805,位置-速度 45.0 deg (最高2000 ERPM, 加速5000),43,45.0,0,0.00,0.42,34,0
4.2000,位置-速度 45.0 deg (最高2000 ERPM, 加速5000),43,45.0,0,0.00,0.38,34,0
4.2201,位置-速度 45.0 deg (最高2000 ERPM, 加速5000),43,45.0,0,0.00,0.39,34,0
4.2421,位置-速度 45.0 deg (最高2000 ERPM, 加速5000),43,45.0,0,0.00,0.43,34,0
4.2612,位置-速度 45.0 deg (最高2000 ERPM, 加速5000),43,45.0,0,0.00,0.43,34,0
4.2806,位置-速度 45.0 deg (最高2000 ERPM, 加速5000),43,45.0,0,0.00,0.43,34,0
4.3000,位置-速度 45.0 deg (最高2000 ERPM, 加速5000),43,45.0,0,0.00,0.41,34,0
4.3221,位置-速度 45.0 deg (最高2000 ERPM, 加速5000),43,45.0,0,0.00,0.42,34,0
4.3415,位置-速度 45.0 deg (最高2000 ERPM, 加速5000),43,45.0,0,0.00,0.42,34,0
4.3607,位置-速度 45.0 deg (最高2000 ERPM, 加速5000),43,45.0,0,0.00,0.42,34,0
4.3800,位置-速度 45.0 deg (最高2000 ERPM, 加速5000),43,45.0,0,0.00,0.42,34,0
4.4009,位置-速度 45.0 deg (最高2000 ERPM, 加速5000),43,45.0,0,0.00,0.39,34,0
4.4212,位置-速度 45.0 deg (最高2000 ERPM, 加速5000),43,45.0,0,0.00,0.41,34,0
4.4425,位置-速度 45.0 deg (最高2000 ERPM, 加速5000),43,45.0,0,0.00,0.41,34,0
4.4616,位置-速度 45.0 deg (最高2000 ERPM, 加速5000),43,45.0,0,0.00,0.39,34,0
4.4806,位置-速度 45.0 deg (最高2000 ERPM, 加速5000),43,45.0,0,0.00,0.41,34,0
4.5026,位置-速度 45.0 deg (最高2000 ERPM, 加速5000),43,45.0,0,0.00,0.43,34,0
4.5209,位置-速度 45.0 deg (最高2000 ERPM, 加速5000),43,45.0,0,0.00,0.45,34,0
4.5425,位置-速度 45.0 deg (最高2000 ERPM, 加速5000),43,45.0,0,0.00,0.43,34,0
4.5617,位置-速度 45.0 deg (最高2000 ERPM, 加速5000),43,45.0,0,0.00,0.43,34,0
4.5800,位置-速度 45.0 deg (最高2000 ERPM, 加速5000),43,45.0,0,0.00,0.40,34,0
4.6006,位置-速度 45.0 deg (最高2000 ERPM, 加速5000),43,45.0,0,0.00,0.40,34,0
4.6221,位置-速度 45.0 deg (最高2000 ERPM, 加速5000),43,45.0,0,0.00,0.41,34,0
4.6402,位置-速度 45.0 deg (最高2000 ERPM, 加速5000),43,45.0,0,0.00,0.37,34,0
4.6612,位置-速度 45.0 deg (最高2000 ERPM, 加速5000),43,45.0,0,0.00,0.41,34,0
4.6811,位置-速度 45.0 deg (最高2000 ERPM, 加速5000),43,45.0,0,0.00,0.39,34,0
4.7013,位置-速度 45.0 deg (最高2000 ERPM, 加速5000),43,45.0,0,0.00,0.39,34,0
4.7213,位置-速度 45.0 deg (最高2000 ERPM, 加速5000),43,45.0,0,0.00,0.37,34,0
4.7409,位置-速度 45.0 deg (最高2000 ERPM, 加速5000),43,45.0,0,0.00,0.41,34,0
4.7622,位置-速度 45.0 deg (最高2000 ERPM, 加速5000),43,45.0,0,0.00,0.38,34,0
4.7828,位置-速度 45.0 deg (最高2000 ERPM, 加速5000),43,45.0,0,0.00,0.43,34,0
4.8017,位置-速度 45.0 deg (最高2000 ERPM, 加速5000),43,45.0,0,0.00,0.43,34,0
4.8213,位置-速度 45.0 deg (最高2000 ERPM, 加速5000),43,45.0,0,0.00,0.41,34,0
4.8406,位置-速度 45.0 deg (最高2000 ERPM, 加速5000),43,45.0,0,0.00,0.45,34,0
4.8606,位置-速度 45.0 deg (最高2000 ERPM, 加速5000),43,45.0,0,0.00,0.41,34,0
4.8801,位置-速度 45.0 deg (最高2000 ERPM, 加速5000),43,45.0,0,0.00,0.45,34,0
4.9020,位置-速度 45.0 deg (最高2000 ERPM, 加速5000),43,45.0,0,0.00,0.42,34,0
4.9221,位置-速度 45.0 deg (最高2000 ERPM, 加速5000),43,45.0,0,0.00,0.42,34,0
4.9415,位置-速度 45.0 deg (最高2000 ERPM, 加速5000),43,45.0,0,0.00,0.41,34,0
4.9601,位置-速度 45.0 deg (最高2000 ERPM, 加速5000),43,45.0,0,0.00,0.46,34,0
4.9820,位置-速度 45.0 deg (最高2000 ERPM, 加速5000),43,45.0,0,0.00,0.43,34,0
0.0000,位置-速度 90.0 deg (最高2000 ERPM, 加速5000),43,44.9,0,0.00,0.00,34,0
0.0222,位置-速度 90.0 deg (最高2000 ERPM, 加速5000),43,44.9,10,0.32,0.40,35,0
0.0416,位置-速度 90.0 deg (最高2000 ERPM, 加速5000),43,45.0,20,0.63,0.68,35,0
0.0617,位置-速度 90.0 deg (最高2000 ERPM, 加速5000),43,45.0,100,3.17,0.91,35,0
0.0814,位置-速度 90.0 deg (最高2000 ERPM, 加速5000),43,45.0,100,3.17,0.91,35,0
0.1007,位置-速度 90.0 deg (最高2000 ERPM, 加速5000),43,45.3,460,14.60,0.49,35,0
0.1212,位置-速度 90.0 deg (最高2000 ERPM, 加速5000),43,45.6,570,18.10,0.23,35,0
0.1415,位置-速度 90.0 deg (最高2000 ERPM, 加速5000),43,45.9,530,16.83,0.11,35,0
0.1607,位置-速度 90.0 deg (最高2000 ERPM, 加速5000),43,46.3,680,21.59,-0.09,35,0
0.1810,位置-速度 90.0 deg (最高2000 ERPM, 加速5000),43,46.8,780,24.76,0.44,34,0
0.2006,位置-速度 90.0 deg (最高2000 ERPM, 加速5000),43,47.4,850,26.98,0.58,35,0
0.2202,位置-速度 90.0 deg (最高2000 ERPM, 加速5000),43,48.0,950,30.16,0.00,34,0
0.2420,位置-速度 90.0 deg (最高2000 ERPM, 加速5000),43,49.3,1150,36.51,0.53,34,0
0.2602,位置-速度 90.0 deg (最高2000 ERPM, 加速5000),43,49.3,1150,36.51,0.53,34,0
0.2825,位置-速度 90.0 deg (最高2000 ERPM, 加速5000),43,51.0,1370,43.49,0.69,34,0
0.3001,位置-速度 90.0 deg (最高2000 ERPM, 加速5000),43,51.0,1370,43.49,0.69,34,0
0.3206,位置-速度 90.0 deg (最高2000 ERPM, 加速5000),43,51.9,1450,46.03,0.00,34,0
0.3406,位置-速度 90.0 deg (最高2000 ERPM, 加速5000),43,52.9,1560,49.52,0.64,34,0
0.3610,位置-速度 90.0 deg (最高2000 ERPM, 加速5000),43,53.9,1650,52.38,0.06,35,0
0.3822,位置-速度 90.0 deg (最高2000 ERPM, 加速5000),43,55.1,1760,55.87,0.48,34,0
0.4011,位置-速度 90.0 deg (最高2000 ERPM, 加速5000),43,56.2,1860,59.05,0.35,34,0
0.4201,位置-速度 90.0 deg (最高2000 ERPM, 加速5000),43,57.5,1970,62.54,0.00,34,0
0.4412,位置-速度 90.0 deg (最高2000 ERPM, 加速5000),43,58.8,2010,63.81,0.61,34,0
0.4607,位置-速度 90.0 deg (最高2000 ERPM, 加速5000),43,60.1,2040,64.76,0.32,34,0
0.4801,位置-速度 90.0 deg (最高2000 ERPM, 加速5000),43,61.4,2040,64.76,-0.04,34,0
0.5019,位置-速度 90.0 deg (最高2000 ERPM, 加速5000),43,63.9,2030,64.44,0.38,34,0
0.5205,位置-速度 90.0 deg (最高2000 ERPM, 加速5000),43,63.9,2030,64.44,0.38,34,0
0.5414,位置-速度 90.0 deg (最高2000 ERPM, 加速5000),43,65.2,2020,64.13,0.04,34,0
0.5625,位置-速度 90.0 deg (最高2000 ERPM, 加速5000),43,67.8,2010,63.81,0.47,34,0
0.5816,位置-速度 90.0 deg (最高2000 ERPM, 加速5000),43,69.1,2010,63.81,-0.06,34,0
0.6022,位置-速度 90.0 deg (最高2000 ERPM, 加速5000),43,70.4,2010,63.81,0.40,34,0
0.6204,位置-速度 90.0 deg (最高2000 ERPM, 加速5000),43,70.4,2010,63.81,0.40,34,0
0.6416,位置-速度 90.0 deg (最高2000 ERPM, 加速5000),43,72.9,2000,63.49,-0.08,35,0
0.6600,位置-速度 90.0 deg (最高2000 ERPM, 加速5000),43,72.9,2000,63.49,-0.08,35,0
0.6806,位置-速度 90.0 deg (最高2000 ERPM, 加速5000),43,74.2,2000,63.49,0.39,34,0
0.7010,位置-速度 90.0 deg (最高2000 ERPM, 加速5000),43,75.4,2000,63.49,0.45,34,0
0.7222,位置-速度 90.0 deg (最高2000 ERPM, 加速5000),43,78.0,1990,63.17,0.38,34,0
0.7418,位置-速度 90.0 deg (最高2000 ERPM, 加速5000),43,79.2,1900,60.32,0.39,34,0
0.7607,位置-速度 90.0 deg (最高2000 ERPM, 加速5000),43,79.2,1900,60.32,0.39,34,0
0.7810,位置-速度 90.0 deg (最高2000 ERPM, 加速5000),43,80.4,1810,57.46,-0.03,34,0
0.8011,位置-速度 90.0 deg (最高2000 ERPM, 加速5000),43,81.5,1710,54.29,0.59,34,0
0.8224,位置-速度 90.0 deg (最高2000 ERPM, 加速5000),43,83.5,1520,48.25,0.51,34,0
0.8401,位置-速度 90.0 deg (最高2000 ERPM, 加速5000),43,83.5,1520,48.25,0.51,34,0
0.8608,位置-速度 90.0 deg (最高2000 ERPM, 加速5000),43,84.4,1400,44.44,-0.11,34,0
0.8822,位置-速度 90.0 deg (最高2000 ERPM, 加速5000),43,86.0,1170,37.14,0.01,34,0
0.9006,位置-速度 90.0 deg (最高2000 ERPM, 加速5000),43,86.0,1170,37.14,0.01,34,0
0.9209,位置-速度 90.0 deg (最高2000 ERPM, 加速5000),43,86.7,1100,34.92,0.20,34,0
0.9411,位置-速度 90.0 deg (最高2000 ERPM, 加速5000),43,87.3,960,30.48,0.51,34,0
0.9623,位置-速度 90.0 deg (最高2000 ERPM, 加速5000),43,88.4,780,24.76,0.04,34,0
0.9817,位置-速度 90.0 deg (最高2000 ERPM, 加速5000),43,88.8,650,20.63,0.56,34,0
1.0004,位置-速度 90.0 deg (最高2000 ERPM, 加速5000),43,88.8,650,20.63,0.56,34,0
1.0203,位置-速度 90.0 deg (最高2000 ERPM, 加速5000),43,89.2,470,14.92,0.76,34,0
1.0402,位置-速度 90.0 deg (最高2000 ERPM, 加速5000),43,89.5,390,12.38,0.45,35,0
1.0628,位置-速度 90.0 deg (最高2000 ERPM, 加速5000),43,89.9,300,9.52,-0.12,34,0
1.0803,位置-速度 90.0 deg (最高2000 ERPM, 加速5000),43,89.9,300,9.52,-0.12,34,0
1.1005,位置-速度 90.0 deg (最高2000 ERPM, 加速5000),43,90.1,120,3.81,0.04,34,0
1.1201,位置-速度 90.0 deg (最高2000 ERPM, 加速5000),43,90.1,0,0.00,0.08,34,0
1.1405,位置-速度 90.0 deg (最高2000 ERPM, 加速5000),43,90.1,0,0.00,0.01,35,0
1.1606,位置-速度 90.0 deg (最高2000 ERPM, 加速5000),43,90.1,0,0.00,0.00,34,0
1.1807,位置-速度 90.0 deg (最高2000 ERPM, 加速5000),43,90.1,0,0.00,-0.03,34,0
1.2008,位置-速度 90.0 deg (最高2000 ERPM, 加速5000),43,90.1,0,0.00,-0.03,34,0
1.2206,位置-速度 90.0 deg (最高2000 ERPM, 加速5000),43,90.1,0,0.00,-0.02,34,0
1.2415,位置-速度 90.0 deg (最高2000 ERPM, 加速5000),43,90.1,0,0.00,-0.15,35,0
1.2603,位置-速度 90.0 deg (最高2000 ERPM, 加速5000),43,90.1,0,0.00,-0.15,35,0
1.2815,位置-速度 90.0 deg (最高2000 ERPM, 加速5000),43,90.0,0,0.00,-0.24,34,0
1.3011,位置-速度 90.0 deg (最高2000 ERPM, 加速5000),43,90.0,0,0.00,-0.24,34,0
1.3223,位置-速度 90.0 deg (最高2000 ERPM, 加速5000),43,90.0,0,0.00,-0.31,34,0
1.3405,位置-速度 90.0 deg (最高2000 ERPM, 加速5000),43,90.0,0,0.00,-0.31,34,0
1.3604,位置-速度 90.0 deg (最高2000 ERPM, 加速5000),43,90.0,0,0.00,-0.32,34,0
1.3805,位置-速度 90.0 deg (最高2000 ERPM, 加速5000),43,90.0,0,0.00,0.25,34,0
1.4021,位置-速度 90.0 deg (最高2000 ERPM, 加速5000),43,90.0,0,0.00,0.41,34,0
1.4219,位置-速度 90.0 deg (最高2000 ERPM, 加速5000),43,90.0,0,0.00,0.47,34,0
1.4401,位置-速度 90.0 deg (最高2000 ERPM, 加速5000),43,90.0,0,0.00,0.47,34,0
1.4613,位置-速度 90.0 deg (最高2000 ERPM, 加速5000),43,90.0,0,0.00,0.41,34,0
1.4808,位置-速度 90.0 deg (最高2000 ERPM, 加速5000),43,90.0,0,0.00,0.50,34,0
1.5008,位置-速度 90.0 deg (最高2000 ERPM, 加速5000),43,90.0,0,0.00,0.56,34,0
1.5207,位置-速度 90.0 deg (最高2000 ERPM, 加速5000),43,90.0,0,0.00,0.54,34,0
1.5406,位置-速度 90.0 deg (最高2000 ERPM, 加速5000),43,90.0,0,0.00,0.55,34,0
1.5626,位置-速度 90.0 deg (最高2000 ERPM, 加速5000),43,90.0,0,0.00,0.63,34,0
1.5802,位置-速度 90.0 deg (最高2000 ERPM, 加速5000),43,90.0,0,0.00,0.63,34,0
1.6004,位置-速度 90.0 deg (最高2000 ERPM, 加速5000),43,90.0,0,0.00,0.62,34,0
1.6226,位置-速度 90.0 deg (最高2000 ERPM, 加速5000),43,90.0,0,0.00,0.68,34,0
1.6402,位置-速度 90.0 deg (最高2000 ERPM, 加速5000),43,90.0,0,0.00,0.68,34,0
1.6606,位置-速度 90.0 deg (最高2000 ERPM, 加速5000),43,90.0,0,0.00,0.70,34,0
1.6824,位置-速度 90.0 deg (最高2000 ERPM, 加速5000),43,90.0,0,0.00,0.74,34,0
1.7019,位置-速度 90.0 deg (最高2000 ERPM, 加速5000),43,90.0,0,0.00,0.73,34,0
1.7215,位置-速度 90.0 deg (最高2000 ERPM, 加速5000),43,90.0,0,0.00,0.73,34,0
1.7415,位置-速度 90.0 deg (最高2000 ERPM, 加速5000),43,90.0,0,0.00,0.77,34,0
1.7609,位置-速度 90.0 deg (最高2000 ERPM, 加速5000),43,90.0,0,0.00,0.77,34,0
1.7808,位置-速度 90.0 deg (最高2000 ERPM, 加速5000),43,90.0,0,0.00,0.80,34,0
1.8006,位置-速度 90.0 deg (最高2000 ERPM, 加速5000),43,90.0,0,0.00,0.82,34,0
1.8215,位置-速度 90.0 deg (最高2000 ERPM, 加速5000),43,90.0,0,0.00,0.79,34,0
1.8405,位置-速度 90.0 deg (最高2000 ERPM, 加速5000),43,90.0,0,0.00,0.83,34,0
1.8613,位置-速度 90.0 deg (最高2000 ERPM, 加速5000),43,90.0,0,0.00,0.87,34,0
1.8807,位置-速度 90.0 deg (最高2000 ERPM, 加速5000),43,90.0,0,0.00,0.84,34,0
1.9021,位置-速度 90.0 deg (最高2000 ERPM, 加速5000),43,90.0,0,0.00,0.85,34,0
1.9212,位置-速度 90.0 deg (最高2000 ERPM, 加速5000),43,90.0,0,0.00,0.85,34,0
1.9410,位置-速度 90.0 deg (最高2000 ERPM, 加速5000),43,90.0,0,0.00,0.94,34,0
1.9605,位置-速度 90.0 deg (最高2000 ERPM, 加速5000),43,90.0,0,0.00,0.94,34,0
1.9810,位置-速度 90.0 deg (最高2000 ERPM, 加速5000),43,90.0,0,0.00,0.91,34,0
2.0000,位置-速度 90.0 deg (最高2000 ERPM, 加速5000),43,90.0,0,0.00,0.91,34,0
2.0218,位置-速度 90.0 deg (最高2000 ERPM, 加速5000),43,90.0,0,0.00,0.90,35,0
2.0404,位置-速度 90.0 deg (最高2000 ERPM, 加速5000),43,90.0,0,0.00,0.90,35,0
2.0607,位置-速度 90.0 deg (最高2000 ERPM, 加速5000),43,90.0,-20,-0.63,0.90,34,0
2.0810,位置-速度 90.0 deg (最高2000 ERPM, 加速5000),43,89.9,-190,-6.03,0.36,34,0
2.1003,位置-速度 90.0 deg (最高2000 ERPM, 加速5000),43,89.9,-30,-0.95,0.68,34,0
2.1221,位置-速度 90.0 deg (最高2000 ERPM, 加速5000),43,89.9,0,0.00,0.69,34,0
2.1417,位置-速度 90.0 deg (最高2000 ERPM, 加速5000),43,89.9,0,0.00,0.66,34,0
2.1623,位置-速度 90.0 deg (最高2000 ERPM, 加速5000),43,89.9,0,0.00,0.70,34,0
2.1811,位置-速度 90.0 deg (最高2000 ERPM, 加速5000),43,89.9,0,0.00,0.70,34,0
2.2002,位置-速度 90.0 deg (最高2000 ERPM, 加速5000),43,89.9,0,0.00,0.64,34,0
2.2223,位置-速度 90.0 deg (最高2000 ERPM, 加速5000),43,89.9,0,0.00,0.64,34,0
2.2412,位置-速度 90.0 deg (最高2000 ERPM, 加速5000),43,89.9,0,0.00,0.64,34,0
2.2625,位置-速度 90.0 deg (最高2000 ERPM, 加速5000),43,89.9,0,0.00,0.55,34,0
2.2806,位置-速度 90.0 deg (最高2000 ERPM, 加速5000),43,89.9,0,0.00,0.55,34,0
2.3003,位置-速度 90.0 deg (最高2000 ERPM, 加速5000),43,89.9,0,0.00,0.48,34,0
2.3216,位置-速度 90.0 deg (最高2000 ERPM, 加速5000),43,89.9,0,0.00,0.50,34,0
2.3405,位置-速度 90.0 deg (最高2000 ERPM, 加速5000),43,89.9,0,0.00,0.50,34,0
2.3603,位置-速度 90.0 deg (最高2000 ERPM, 加速5000),43,89.9,0,0.00,0.45,34,0
2.3821,位置-速度 90.0 deg (最高2000 ERPM, 加速5000),43,89.9,0,0.00,0.43,34,0
2.4027,位置-速度 90.0 deg (最高2000 ERPM, 加速5000),43,89.9,0,0.00,0.43,34,0
2.4211,位置-速度 90.0 deg (最高2000 ERPM, 加速5000),43,89.9,0,0.00,0.43,34,0
2.4426,位置-速度 90.0 deg (最高2000 ERPM, 加速5000),43,89.9,0,0.00,-0.35,34,0
2.4625,位置-速度 90.0 deg (最高2000 ERPM, 加速5000),43,89.9,0,0.00,-0.32,34,0
2.4808,位置-速度 90.0 deg (最高2000 ERPM, 加速5000),43,89.9,0,0.00,-0.32,34,0
2.5002,位置-速度 90.0 deg (最高2000 ERPM, 加速5000),43,89.9,0,0.00,0.21,34,0
2.5223,位置-速度 90.0 deg (最高2000 ERPM, 加速5000),43,89.9,0,0.00,-0.25,34,0
2.5412,位置-速度 90.0 deg (最高2000 ERPM, 加速5000),43,89.9,0,0.00,-0.25,34,0
2.5603,位置-速度 90.0 deg (最高2000 ERPM, 加速5000),43,89.9,0,0.00,-0.26,34,0
2.5807,位置-速度 90.0 deg (最高2000 ERPM, 加速5000),43,89.9,0,0.00,-0.22,34,0
2.6024,位置-速度 90.0 deg (最高2000 ERPM, 加速5000),43,89.9,0,0.00,-0.22,34,0
2.6204,位置-速度 90.0 deg (最高2000 ERPM, 加速5000),43,89.9,0,0.00,-0.22,34,0
2.6413,位置-速度 90.0 deg (最高2000 ERPM, 加速5000),43,89.9,0,0.00,-0.28,34,0
2.6614,位置-速度 90.0 deg (最高2000 ERPM, 加速5000),43,89.9,0,0.00,-0.17,34,0
2.6814,位置-速度 90.0 deg (最高2000 ERPM, 加速5000),43,89.9,0,0.00,-0.16,34,0
2.7009,位置-速度 90.0 deg (最高2000 ERPM, 加速5000),43,89.9,0,0.00,-0.16,34,0
2.7207,位置-速度 90.0 deg (最高2000 ERPM, 加速5000),43,89.9,0,0.00,-0.14,34,0
2.7410,位置-速度 90.0 deg (最高2000 ERPM, 加速5000),43,89.9,0,0.00,-0.12,34,0
2.7607,位置-速度 90.0 deg (最高2000 ERPM, 加速5000),43,89.9,0,0.00,-0.12,34,0
2.7818,位置-速度 90.0 deg (最高2000 ERPM, 加速5000),43,89.9,0,0.00,-0.10,34,0
2.8015,位置-速度 90.0 deg (最高2000 ERPM, 加速5000),43,89.9,0,0.00,-0.11,34,0
2.8222,位置-速度 90.0 deg (最高2000 ERPM, 加速5000),43,89.9,0,0.00,-0.07,34,0
2.8418,位置-速度 90.0 deg (最高2000 ERPM, 加速5000),43,89.9,0,0.00,-0.07,34,0
2.8608,位置-速度 90.0 deg (最高2000 ERPM, 加速5000),43,89.9,0,0.00,-0.07,34,0
2.8806,位置-速度 90.0 deg (最高2000 ERPM, 加速5000),43,89.9,0,0.00,0.01,34,0
2.9001,位置-速度 90.0 deg (最高2000 ERPM, 加速5000),43,89.9,0,0.00,-0.12,34,0
2.9206,位置-速度 90.0 deg (最高2000 ERPM, 加速5000),43,89.9,0,0.00,-0.05,34,0
2.9427,位置-速度 90.0 deg (最高2000 ERPM, 加速5000),43,89.9,0,0.00,-0.07,34,0
2.9605,位置-速度 90.0 deg (最高2000 ERPM, 加速5000),43,89.9,0,0.00,-0.07,34,0
2.9807,位置-速度 90.0 deg (最高2000 ERPM, 加速5000),43,89.9,0,0.00,0.01,34,0
3.0008,位置-速度 90.0 deg (最高2000 ERPM, 加速5000),43,89.9,0,0.00,0.00,34,0
3.0225,位置-速度 90.0 deg (最高2000 ERPM, 加速5000),43,89.9,0,0.00,0.00,34,0
3.0411,位置-速度 90.0 deg (最高2000 ERPM, 加速5000),43,89.9,0,0.00,0.00,34,0
3.0616,位置-速度 90.0 deg (最高2000 ERPM, 加速5000),43,90.0,40,1.27,-0.17,34,0
3.0810,位置-速度 90.0 deg (最高2000 ERPM, 加速5000),43,90.0,40,1.27,-0.17,34,0
3.1001,位置-速度 90.0 deg (最高2000 ERPM, 加速5000),43,90.0,60,1.90,0.29,34,0
3.1206,位置-速度 90.0 deg (最高2000 ERPM, 加速5000),43,90.0,0,0.00,-0.24,34,0
3.1422,位置-速度 90.0 deg (最高2000 ERPM, 加速5000),43,90.0,0,0.00,-0.30,34,0
3.1626,位置-速度 90.0 deg (最高2000 ERPM, 加速5000),43,90.0,0,0.00,0.33,34,0
3.1826,位置-速度 90.0 deg (最高2000 ERPM, 加速5000),43,90.0,0,0.00,0.28,34,0
3.2023,位置-速度 90.0 deg (最高2000 ERPM, 加速5000),43,90.0,0,0.00,-0.34,34,0
3.2200,位置-速度 90.0 deg (最高2000 ERPM, 加速5000),43,90.0,0,0.00,-0.34,34,0
3.2408,位置-速度 90.0 deg (最高2000 ERPM, 加速5000),43,90.0,0,0.00,0.36,34,0
3.2613,位置-速度 90.0 deg (最高2000 ERPM, 加速5000),43,90.0,0,0.00,0.49,34,0
3.2815,位置-速度 90.0 deg (最高2000 ERPM, 加速5000),43,90.0,0,0.00,0.48,34,0
3.3020,位置-速度 90.0 deg (最高2000 ERPM, 加速5000),43,90.0,0,0.00,0.50,34,0
3.3204,位置-速度 90.0 deg (最高2000 ERPM, 加速5000),43,90.0,0,0.00,0.50,34,0
3.3408,位置-速度 90.0 deg (最高2000 ERPM, 加速5000),43,90.0,0,0.00,0.47,34,0
3.3627,位置-速度 90.0 deg (最高2000 ERPM, 加速5000),43,90.0,0,0.00,0.58,34,0
3.3802,位置-速度 90.0 deg (最高2000 ERPM, 加速5000),43,90.0,0,0.00,0.58,34,0
3.4005,位置-速度 90.0 deg (最高2000 ERPM, 加速5000),43,90.0,0,0.00,0.57,34,0
3.4211,位置-速度 90.0 deg (最高2000 ERPM, 加速5000),43,90.0,0,0.00,0.58,34,0
3.4411,位置-速度 90.0 deg (最高2000 ERPM, 加速5000),43,90.0,0,0.00,0.63,34,0
3.4617,位置-速度 90.0 deg (最高2000 ERPM, 加速5000),43,90.0,0,0.00,0.68,34,0
3.4803,位置-速度 90.0 deg (最高2000 ERPM, 加速5000),43,90.0,0,0.00,0.68,34,0
3.5000,位置-速度 90.0 deg (最高2000 ERPM, 加速5000),43,90.0,0,0.00,0.68,34,0
3.5206,位置-速度 90.0 deg (最高2000 ERPM, 加速5000),43,90.0,0,0.00,0.65,34,0
3.5423,位置-速度 90.0 deg (最高2000 ERPM, 加速5000),43,90.0,0,0.00,0.77,34,0
3.5613,位置-速度 90.0 deg (最高2000 ERPM, 加速5000),43,90.0,0,0.00,0.75,34,0
3.5810,位置-速度 90.0 deg (最高2000 ERPM, 加速5000),43,90.0,0,0.00,0.75,34,0
3.6020,位置-速度 90.0 deg (最高2000 ERPM, 加速5000),43,90.0,0,0.00,0.79,34,0
3.6203,位置-速度 90.0 deg (最高2000 ERPM, 加速5000),43,90.0,0,0.00,0.79,34,0
3.6425,位置-速度 90.0 deg (最高2000 ERPM, 加速5000),43,90.0,0,0.00,0.79,34,0
3.6612,位置-速度 90.0 deg (最高2000 ERPM, 加速5000),43,90.0,0,0.00,0.78,34,0
3.6825,位置-速度 90.0 deg (最高2000 ERPM, 加速5000),43,90.0,0,0.00,0.84,34,0
3.7023,位置-速度 90.0 deg (最高2000 ERPM, 加速5000),43,90.0,0,0.00,0.83,34,0
3.7217,位置-速度 90.0 deg (最高2000 ERPM, 加速5000),43,90.0,0,0.00,0.85,34,0
3.7412,位置-速度 90.0 deg (最高2000 ERPM, 加速5000),43,90.0,0,0.00,0.91,34,0
3.7605,位置-速度 90.0 deg (最高2000 ERPM, 加速5000),43,90.0,0,0.00,0.91,34,0
3.7813,位置-速度 90.0 deg (最高2000 ERPM, 加速5000),43,90.0,0,0.00,0.83,34,0
3.8020,位置-速度 90.0 deg (最高2000 ERPM, 加速5000),43,90.0,0,0.00,0.85,34,0
3.8218,位置-速度 90.0 deg (最高2000 ERPM, 加速5000),43,90.0,0,0.00,0.84,34,0
3.8401,位置-速度 90.0 deg (最高2000 ERPM, 加速5000),43,90.0,0,0.00,0.84,34,0
3.8605,位置-速度 90.0 deg (最高2000 ERPM, 加速5000),43,90.0,0,0.00,0.90,34,0
3.8808,位置-速度 90.0 deg (最高2000 ERPM, 加速5000),43,90.0,-10,-0.32,0.88,34,0
3.9020,位置-速度 90.0 deg (最高2000 ERPM, 加速5000),43,89.9,-10,-0.32,0.73,34,0
3.9208,位置-速度 90.0 deg (最高2000 ERPM, 加速5000),43,89.9,-10,-0.32,0.73,34,0
3.9414,位置-速度 90.0 deg (最高2000 ERPM, 加速5000),43,89.9,0,0.00,0.68,34,0
3.9607,位置-速度 90.0 deg (最高2000 ERPM, 加速5000),43,89.9,0,0.00,0.68,34,0
3.9813,位置-速度 90.0 deg (最高2000 ERPM, 加速5000),43,89.9,0,0.00,0.64,34,0
4.0010,位置-速度 90.0 deg (最高2000 ERPM, 加速5000),43,89.9,0,0.00,0.65,34,0
4.0214,位置-速度 90.0 deg (最高2000 ERPM, 加速5000),43,89.9,0,0.00,0.63,34,0
4.0414,位置-速度 90.0 deg (最高2000 ERPM, 加速5000),43,89.9,0,0.00,0.60,34,0
4.0621,位置-速度 90.0 deg (最高2000 ERPM, 加速5000),43,89.9,0,0.00,0.57,34,0
4.0825,位置-速度 90.0 deg (最高2000 ERPM, 加速5000),43,89.9,0,0.00,0.54,34,0
4.1002,位置-速度 90.0 deg (最高2000 ERPM, 加速5000),43,89.9,0,0.00,0.54,34,0
4.1221,位置-速度 90.0 deg (最高2000 ERPM, 加速5000),43,89.9,0,0.00,0.50,34,0
4.1404,位置-速度 90.0 deg (最高2000 ERPM, 加速5000),43,89.9,0,0.00,0.50,34,0
4.1607,位置-速度 90.0 deg (最高2000 ERPM, 加速5000),43,89.9,0,0.00,0.49,34,0
4.1825,位置-速度 90.0 deg (最高2000 ERPM, 加速5000),43,89.9,0,0.00,0.45,34,0
4.2007,位置-速度 90.0 deg (最高2000 ERPM, 加速5000),43,89.9,0,0.00,0.45,34,0
4.2221,位置-速度 90.0 deg (最高2000 ERPM, 加速5000),43,89.9,0,0.00,0.36,35,0
4.2401,位置-速度 90.0 deg (最高2000 ERPM, 加速5000),43,89.9,0,0.00,0.36,35,0
4.2618,位置-速度 90.0 deg (最高2000 ERPM, 加速5000),43,89.9,0,0.00,-0.37,34,0
4.2807,位置-速度 90.0 deg (最高2000 ERPM, 加速5000),43,89.9,0,0.00,-0.37,34,0
4.3013,位置-速度 90.0 deg (最高2000 ERPM, 加速5000),43,89.9,0,0.00,0.21,35,0
4.3203,位置-速度 90.0 deg (最高2000 ERPM, 加速5000),43,89.9,0,0.00,0.21,35,0
4.3400,位置-速度 90.0 deg (最高2000 ERPM, 加速5000),43,89.9,0,0.00,0.28,34,0
4.3611,位置-速度 90.0 deg (最高2000 ERPM, 加速5000),43,89.9,0,0.00,-0.24,34,0
4.3810,位置-速度 90.0 deg (最高2000 ERPM, 加速5000),43,89.9,0,0.00,-0.27,34,0
4.4015,位置-速度 90.0 deg (最高2000 ERPM, 加速5000),43,89.9,0,0.00,-0.21,34,0
4.4213,位置-速度 90.0 deg (最高2000 ERPM, 加速5000),43,89.9,0,0.00,-0.21,34,0
4.4402,位置-速度 90.0 deg (最高2000 ERPM, 加速5000),43,89.9,0,0.00,-0.21,34,0
4.4621,位置-速度 90.0 deg (最高2000 ERPM, 加速5000),43,89.9,0,0.00,-0.22,34,0
4.4806,位置-速度 90.0 deg (最高2000 ERPM, 加速5000),43,89.9,0,0.00,-0.22,34,0
4.5004,位置-速度 90.0 deg (最高2000 ERPM, 加速5000),43,89.9,0,0.00,-0.12,34,0
4.5200,位置-速度 90.0 deg (最高2000 ERPM, 加速5000),43,89.9,0,0.00,-0.12,34,0
4.5412,位置-速度 90.0 deg (最高2000 ERPM, 加速5000),43,89.9,0,0.00,-0.13,34,0
4.5604,位置-速度 90.0 deg (最高2000 ERPM, 加速5000),43,89.9,0,0.00,-0.14,34,0
4.5806,位置-速度 90.0 deg (最高2000 ERPM, 加速5000),43,89.9,0,0.00,-0.08,34,0
4.6005,位置-速度 90.0 deg (最高2000 ERPM, 加速5000),43,89.9,0,0.00,-0.03,34,0
4.6225,位置-速度 90.0 deg (最高2000 ERPM, 加速5000),43,89.9,0,0.00,-0.10,34,0
4.6421,位置-速度 90.0 deg (最高2000 ERPM, 加速5000),43,89.9,0,0.00,-0.06,34,0
4.6625,位置-速度 90.0 deg (最高2000 ERPM, 加速5000),43,89.9,0,0.00,-0.05,34,0
4.6802,位置-速度 90.0 deg (最高2000 ERPM, 加速5000),43,89.9,0,0.00,-0.05,34,0
4.7021,位置-速度 90.0 deg (最高2000 ERPM, 加速5000),43,89.9,0,0.00,-0.04,34,0
4.7204,位置-速度 90.0 deg (最高2000 ERPM, 加速5000),43,89.9,0,0.00,-0.04,34,0
4.7415,位置-速度 90.0 deg (最高2000 ERPM, 加速5000),43,89.9,0,0.00,-0.02,34,0
4.7618,位置-速度 90.0 deg (最高2000 ERPM, 加速5000),43,89.9,0,0.00,0.00,34,0
4.7809,位置-速度 90.0 deg (最高2000 ERPM, 加速5000),43,89.9,0,0.00,0.00,34,0
4.8009,位置-速度 90.0 deg (最高2000 ERPM, 加速5000),43,89.9,0,0.00,-0.01,34,0
4.8214,位置-速度 90.0 deg (最高2000 ERPM, 加速5000),43,89.9,0,0.00,-0.01,34,0
4.8419,位置-速度 90.0 deg (最高2000 ERPM, 加速5000),43,89.9,0,0.00,-0.04,34,0
4.8607,位置-速度 90.0 deg (最高2000 ERPM, 加速5000),43,89.9,0,0.00,-0.04,34,0
4.8826,位置-速度 90.0 deg (最高2000 ERPM, 加速5000),43,89.9,10,0.32,-0.10,34,0
4.9003,位置-速度 90.0 deg (最高2000 ERPM, 加速5000),43,89.9,10,0.32,-0.10,34,0
4.9222,位置-速度 90.0 deg (最高2000 ERPM, 加速5000),43,90.0,30,0.95,-0.27,34,0
4.9406,位置-速度 90.0 deg (最高2000 ERPM, 加速5000),43,90.0,30,0.95,-0.27,34,0
4.9607,位置-速度 90.0 deg (最高2000 ERPM, 加速5000),43,90.0,0,0.00,-0.18,34,0
4.9803,位置-速度 90.0 deg (最高2000 ERPM, 加速5000),43,90.0,0,0.00,-0.23,35,0
0.0000,位置-速度 135.0 deg (最高2000 ERPM, 加速5000),43,90.0,0,0.00,0.00,34,0
0.0200,位置-速度 135.0 deg (最高2000 ERPM, 加速5000),43,90.0,0,0.00,-0.16,34,0
0.0402,位置-速度 135.0 deg (最高2000 ERPM, 加速5000),43,90.0,0,0.00,-0.17,35,0
0.0603,位置-速度 135.0 deg (最高2000 ERPM, 加速5000),43,90.1,20,0.63,0.04,35,0
0.0822,位置-速度 135.0 deg (最高2000 ERPM, 加速5000),43,90.3,460,14.60,0.00,35,0
0.1003,位置-速度 135.0 deg (最高2000 ERPM, 加速5000),43,90.3,460,14.60,0.00,35,0
0.1207,位置-速度 135.0 deg (最高2000 ERPM, 加速5000),43,91.0,610,19.37,0.55,35,0
0.1426,位置-速度 135.0 deg (最高2000 ERPM, 加速5000),43,91.4,600,19.05,0.46,35,0
0.1604,位置-速度 135.0 deg (最高2000 ERPM, 加速5000),43,91.4,600,19.05,0.46,35,0
0.1806,位置-速度 135.0 deg (最高2000 ERPM, 加速5000),43,91.9,780,24.76,-0.05,35,0
0.2005,位置-速度 135.0 deg (最高2000 ERPM, 加速5000),43,92.4,860,27.30,0.35,35,0
0.2212,位置-速度 135.0 deg (最高2000 ERPM, 加速5000),43,93.7,1020,32.38,0.07,35,0
0.2403,位置-速度 135.0 deg (最高2000 ERPM, 加速5000),43,93.7,1020,32.38,0.07,35,0
0.2604,位置-速度 135.0 deg (最高2000 ERPM, 加速5000),43,94.4,1160,36.83,0.42,35,0
0.2803,位置-速度 135.0 deg (最高2000 ERPM, 加速5000),43,95.2,1250,39.68,0.39,35,0
0.3005,位置-速度 135.0 deg (最高2000 ERPM, 加速5000),43,96.0,1360,43.17,0.10,35,0
0.3211,位置-速度 135.0 deg (最高2000 ERPM, 加速5000),43,97.9,1580,50.16,0.08,35,0
0.3402,位置-速度 135.0 deg (最高2000 ERPM, 加速5000),43,97.9,1580,50.16,0.08,35,0
0.3603,位置-速度 135.0 deg (最高2000 ERPM, 加速5000),43,99.0,1680,53.33,0.37,35,0
0.3816,位置-速度 135.0 deg (最高2000 ERPM, 加速5000),43,101.3,1870,59.37,0.00,35,0
0.4007,位置-速度 135.0 deg (最高2000 ERPM, 加速5000),43,102.5,1970,62.54,0.57,35,0
0.4218,位置-速度 135.0 deg (最高2000 ERPM, 加速5000),43,103.8,2010,63.81,0.24,35,0
0.4425,位置-速度 135.0 deg (最高2000 ERPM, 加速5000),43,105.1,2020,64.13,0.09,35,0
0.4600,位置-速度 135.0 deg (最高2000 ERPM, 加速5000),43,105.1,2020,64.13,0.09,35,0
0.4821,位置-速度 135.0 deg (最高2000 ERPM, 加速5000),43,107.7,2030,64.44,0.31,35,0
0.5023,位置-速度 135.0 deg (最高2000 ERPM, 加速5000),43,109.0,2020,64.13,-0.03,35,0
0.5226,位置-速度 135.0 deg (最高2000 ERPM, 加速5000),43,110.2,2030,64.44,0.52,35,0
0.5419,位置-速度 135.0 deg (最高2000 ERPM, 加速5000),43,111.5,2020,64.13,0.37,35,0
0.5609,位置-速度 135.0 deg (最高2000 ERPM, 加速5000),43,112.8,2010,63.81,-0.03,35,0
0.5807,位置-速度 135.0 deg (最高2000 ERPM, 加速5000),43,114.1,2000,63.49,0.47,35,0
0.6001,位置-速度 135.0 deg (最高2000 ERPM, 加速5000),43,114.1,2000,63.49,0.47,35,0
0.6223,位置-速度 135.0 deg (最高2000 ERPM, 加速5000),43,116.6,2010,63.81,-0.11,35,0
0.6415,位置-速度 135.0 deg (最高2000 ERPM, 加速5000),43,117.9,2020,64.13,0.41,35,0
0.6600,位置-速度 135.0 deg (最高2000 ERPM, 加速5000),43,117.9,2020,64.13,0.41,35,0
0.6800,位置-速度 135.0 deg (最高2000 ERPM, 加速5000),43,119.2,2010,63.81,0.36,35,0
0.7001,位置-速度 135.0 deg (最高2000 ERPM, 加速5000),43,120.5,2010,63.81,-0.04,35,0
0.7210,位置-速度 135.0 deg (最高2000 ERPM, 加速5000),43,123.0,1980,62.86,0.32,35,0
0.7409,位置-速度 135.0 deg (最高2000 ERPM, 加速5000),43,124.2,1890,60.00,-0.08,35,0
0.7601,位置-速度 135.0 deg (最高2000 ERPM, 加速5000),43,124.2,1890,60.00,-0.08,35,0
0.7801,位置-速度 135.0 deg (最高2000 ERPM, 加速5000),43,125.4,1800,57.14,0.52,35,0
0.8000,位置-速度 135.0 deg (最高2000 ERPM, 加速5000),43,126.5,1700,53.97,0.06,35,0
0.8208,位置-速度 135.0 deg (最高2000 ERPM, 加速5000),43,128.5,1490,47.30,0.10,35,0
0.8420,位置-速度 135.0 deg (最高2000 ERPM, 加速5000),43,129.4,1390,44.13,0.42,35,0
0.8611,位置-速度 135.0 deg (最高2000 ERPM, 加速5000),43,130.2,1300,41.27,-0.02,35,0
0.8802,位置-速度 135.0 deg (最高2000 ERPM, 加速5000),43,130.2,1300,41.27,-0.02,35,0
0.9013,位置-速度 135.0 deg (最高2000 ERPM, 加速5000),43,131.7,1060,33.65,0.06,35,0
0.9215,位置-速度 135.0 deg (最高2000 ERPM, 加速5000),43,132.3,1020,32.38,0.10,35,0
0.9411,位置-速度 135.0 deg (最高2000 ERPM, 加速5000),43,132.9,880,27.94,0.50,35,0
0.9617,位置-速度 135.0 deg (最高2000 ERPM, 加速5000),43,133.4,810,25.71,0.11,35,0
0.9818,位置-速度 135.0 deg (最高2000 ERPM, 加速5000),43,133.8,700,22.22,-0.12,35,0
1.0026,位置-速度 135.0 deg (最高2000 ERPM, 加速5000),43,134.2,560,17.78,0.22,35,0
1.0204,位置-速度 135.0 deg (最高2000 ERPM, 加速5000),43,134.2,560,17.78,0.22,35,0
1.0415,位置-速度 135.0 deg (最高2000 ERPM, 加速5000),43,134.8,400,12.70,0.46,35,0
1.0604,位置-速度 135.0 deg (最高2000 ERPM, 加速5000),43,134.8,400,12.70,0.46,35,0
1.0816,位置-速度 135.0 deg (最高2000 ERPM, 加速5000),43,135.1,240,7.62,0.22,34,0
1.1001,位置-速度 135.0 deg (最高2000 ERPM, 加速5000),43,135.1,240,7.62,0.22,34,0
1.1216,位置-速度 135.0 deg (最高2000 ERPM, 加速5000),43,135.1,0,0.00,0.44,34,0
1.1404,位置-速度 135.0 deg (最高2000 ERPM, 加速5000),43,135.1,0,0.00,0.44,34,0
1.1611,位置-速度 135.0 deg (最高2000 ERPM, 加速5000),43,135.1,0,0.00,0.37,34,0
1.1825,位置-速度 135.0 deg (最高2000 ERPM, 加速5000),43,135.1,0,0.00,0.33,34,0
1.2004,位置-速度 135.0 deg (最高2000 ERPM, 加速5000),43,135.1,0,0.00,0.33,34,0
1.2225,位置-速度 135.0 deg (最高2000 ERPM, 加速5000),43,135.1,0,0.00,0.28,34,0
1.2409,位置-速度 135.0 deg (最高2000 ERPM, 加速5000),43,135.1,0,0.00,-0.21,34,0
1.2620,位置-速度 135.0 deg (最高2000 ERPM, 加速5000),43,135.1,0,0.00,0.14,34,0
1.2807,位置-速度 135.0 deg (最高2000 ERPM, 加速5000),43,135.1,0,0.00,-0.11,34,0
1.3019,位置-速度 135.0 deg (最高2000 ERPM, 加速5000),43,135.1,0,0.00,-0.07,34,0
1.3203,位置-速度 135.0 deg (最高2000 ERPM, 加速5000),43,135.1,0,0.00,-0.07,34,0
1.3406,位置-速度 135.0 deg (最高2000 ERPM, 加速5000),43,135.1,0,0.00,0.00,34,0
1.3601,位置-速度 135.0 deg (最高2000 ERPM, 加速5000),43,135.1,0,0.00,0.01,34,0
1.3809,位置-速度 135.0 deg (最高2000 ERPM, 加速5000),43,135.1,0,0.00,0.09,34,0
1.4013,位置-速度 135.0 deg (最高2000 ERPM, 加速5000),43,135.1,0,0.00,0.11,34,0
1.4214,位置-速度 135.0 deg (最高2000 ERPM, 加速5000),43,135.1,0,0.00,0.14,34,0
1.4406,位置-速度 135.0 deg (最高2000 ERPM, 加速5000),43,135.1,0,0.00,0.16,34,0
1.4622,位置-速度 135.0 deg (最高2000 ERPM, 加速5000),43,135.1,0,0.00,0.17,34,0
1.4814,位置-速度 135.0 deg (最高2000 ERPM, 加速5000),43,135.1,0,0.00,0.21,34,0
1.5004,位置-速度 135.0 deg (最高2000 ERPM, 加速5000),43,135.1,0,0.00,0.21,34,0
1.5225,位置-速度 135.0 deg (最高2000 ERPM, 加速5000),43,135.0,0,0.00,0.26,34,0
1.5412,位置-速度 135.0 deg (最高2000 ERPM, 加速5000),43,135.0,0,0.00,0.24,34,0
1.5618,位置-速度 135.0 deg (最高2000 ERPM, 加速5000),43,135.0,0,0.00,0.29,34,0
1.5809,位置-速度 135.0 deg (最高2000 ERPM, 加速5000),43,135.0,0,0.00,0.28,34,0
1.6025,位置-速度 135.0 deg (最高2000 ERPM, 加速5000),43,135.0,-10,-0.32,0.28,34,0
1.6219,位置-速度 135.0 deg (最高2000 ERPM, 加速5000),43,135.0,-80,-2.54,0.03,35,0
1.6408,位置-速度 135.0 deg (最高2000 ERPM, 加速5000),43,134.9,-10,-0.32,0.00,35,0
1.6617,位置-速度 135.0 deg (最高2000 ERPM, 加速5000),43,134.9,-10,-0.32,0.00,35,0
1.6801,位置-速度 135.0 deg (最高2000 ERPM, 加速5000),43,134.9,-10,-0.32,0.00,35,0
1.7026,位置-速度 135.0 deg (最高2000 ERPM, 加速5000),43,134.9,0,0.00,0.00,35,0
1.7218,位置-速度 135.0 deg (最高2000 ERPM, 加速5000),43,134.9,0,0.00,0.00,34,0
1.7402,位置-速度 135.0 deg (最高2000 ERPM, 加速5000),43,134.9,0,0.00,0.00,34,0
1.7607,位置-速度 135.0 deg (最高2000 ERPM, 加速5000),43,134.9,0,0.00,-0.07,34,0
1.7809,位置-速度 135.0 deg (最高2000 ERPM, 加速5000),43,134.9,0,0.00,-0.04,34,0
1.8001,位置-速度 135.0 deg (最高2000 ERPM, 加速5000),43,134.9,0,0.00,-0.04,34,0
1.8226,位置-速度 135.0 deg (最高2000 ERPM, 加速5000),43,134.9,0,0.00,-0.03,34,0
1.8405,位置-速度 135.0 deg (最高2000 ERPM, 加速5000),43,134.9,0,0.00,-0.03,34,0
1.8613,位置-速度 135.0 deg (最高2000 ERPM, 加速5000),43,134.9,0,0.00,-0.07,34,0
1.8801,位置-速度 135.0 deg (最高2000 ERPM, 加速5000),43,134.9,0,0.00,-0.07,34,0
1.9002,位置-速度 135.0 deg (最高2000 ERPM, 加速5000),43,134.9,0,0.00,-0.08,35,0
1.9204,位置-速度 135.0 deg (最高2000 ERPM, 加速5000),43,134.9,0,0.00,-0.10,34,0
1.9404,位置-速度 135.0 deg (最高2000 ERPM, 加速5000),43,134.9,0,0.00,-0.08,35,0
1.9618,位置-速度 135.0 deg (最高2000 ERPM, 加速5000),43,134.9,0,0.00,-0.07,35,0
1.9802,位置-速度 135.0 deg (最高2000 ERPM, 加速5000),43,134.9,0,0.00,-0.07,35,0
2.0009,位置-速度 135.0 deg (最高2000 ERPM, 加速5000),43,134.9,0,0.00,-0.16,35,0
2.0218,位置-速度 135.0 deg (最高2000 ERPM, 加速5000),43,134.9,0,0.00,-0.15,35,0
2.0401,位置-速度 135.0 deg (最高2000 ERPM, 加速5000),43,134.9,0,0.00,-0.15,35,0
2.0604,位置-速度 135.0 deg (最高2000 ERPM, 加速5000),43,134.9,0,0.00,-0.18,35,0
2.0808,位置-速度 135.0 deg (最高2000 ERPM, 加速5000),43,134.9,0,0.00,-0.19,35,0
2.1013,位置-速度 135.0 deg (最高2000 ERPM, 加速5000),43,134.9,0,0.00,-0.18,35,0
2.1205,位置-速度 135.0 deg (最高2000 ERPM, 加速5000),43,134.9,0,0.00,-0.21,35,0
2.1409,位置-速度 135.0 deg (最高2000 ERPM, 加速5000),43,134.9,0,0.00,-0.22,35,0
2.1603,位置-速度 135.0 deg (最高2000 ERPM, 加速5000),43,134.9,0,0.00,-0.22,35,0
2.1819,位置-速度 135.0 deg (最高2000 ERPM, 加速5000),43,134.9,0,0.00,-0.21,35,0
2.2007,位置-速度 135.0 deg (最高2000 ERPM, 加速5000),43,134.9,0,0.00,-0.23,35,0
2.2221,位置-速度 135.0 deg (最高2000 ERPM, 加速5000),43,134.9,0,0.00,-0.25,35,0
2.2404,位置-速度 135.0 deg (最高2000 ERPM, 加速5000),43,134.9,0,0.00,-0.25,35,0
2.2603,位置-速度 135.0 deg (最高2000 ERPM, 加速5000),43,134.9,0,0.00,-0.24,35,0
2.2807,位置-速度 135.0 deg (最高2000 ERPM, 加速5000),43,134.9,0,0.00,-0.30,35,0
2.3002,位置-速度 135.0 deg (最高2000 ERPM, 加速5000),43,134.9,0,0.00,-0.30,35,0
2.3214,位置-速度 135.0 deg (最高2000 ERPM, 加速5000),43,134.9,0,0.00,-0.30,35,0
2.3405,位置-速度 135.0 deg (最高2000 ERPM, 加速5000),43,134.9,0,0.00,0.31,35,0
2.3607,位置-速度 135.0 deg (最高2000 ERPM, 加速5000),43,134.9,0,0.00,0.27,35,0
2.3804,位置-速度 135.0 deg (最高2000 ERPM, 加速5000),43,134.9,0,0.00,0.27,35,0
2.4013,位置-速度 135.0 deg (最高2000 ERPM, 加速5000),43,134.9,0,0.00,0.34,35,0
2.4213,位置-速度 135.0 deg (最高2000 ERPM, 加速5000),43,134.9,0,0.00,0.31,35,0
2.4403,位置-速度 135.0 deg (最高2000 ERPM, 加速5000),43,134.9,0,0.00,0.31,35,0
2.4614,位置-速度 135.0 deg (最高2000 ERPM, 加速5000),43,134.9,0,0.00,-0.34,35,0
2.4823,位置-速度 135.0 deg (最高2000 ERPM, 加速5000),43,134.9,0,0.00,-0.36,35,0
2.5014,位置-速度 135.0 deg (最高2000 ERPM, 加速5000),43,134.9,0,0.00,-0.38,35,0
2.5221,位置-速度 135.0 deg (最高2000 ERPM, 加速5000),43,134.9,0,0.00,-0.34,35,0
2.5408,位置-速度 135.0 deg (最高2000 ERPM, 加速5000),43,134.9,0,0.00,0.41,35,0
2.5602,位置-速度 135.0 deg (最高2000 ERPM, 加速5000),43,134.9,0,0.00,0.41,35,0
2.5823,位置-速度 135.0 deg (最高2000 ERPM, 加速5000),43,134.9,0,0.00,0.41,35,0
2.6022,位置-速度 135.0 deg (最高2000 ERPM, 加速5000),43,134.9,0,0.00,0.47,35,0
2.6226,位置-速度 135.0 deg (最高2000 ERPM, 加速5000),43,134.9,0,0.00,0.41,35,0
2.6400,位置-速度 135.0 deg (最高2000 ERPM, 加速5000),43,134.9,0,0.00,0.41,35,0
2.6612,位置-速度 135.0 deg (最高2000 ERPM, 加速5000),43,134.9,0,0.00,0.42,35,0
2.6813,位置-速度 135.0 deg (最高2000 ERPM, 加速5000),43,134.9,0,0.00,0.41,35,0
2.7022,位置-速度 135.0 deg (最高2000 ERPM, 加速5000),43,134.9,0,0.00,0.45,35,0
2.7218,位置-速度 135.0 deg (最高2000 ERPM, 加速5000),43,134.9,0,0.00,0.49,35,0
2.7414,位置-速度 135.0 deg (最高2000 ERPM, 加速5000),43,134.9,0,0.00,0.45,35,0
2.7620,位置-速度 135.0 deg (最高2000 ERPM, 加速5000),43,134.9,0,0.00,0.39,35,0
2.7824,位置-速度 135.0 deg (最高2000 ERPM, 加速5000),43,134.9,0,0.00,0.41,34,0
2.8002,位置-速度 135.0 deg (最高2000 ERPM, 加速5000),43,134.9,0,0.00,0.41,34,0
2.8210,位置-速度 135.0 deg (最高2000 ERPM, 加速5000),43,134.9,0,0.00,0.47,34,0
2.8413,位置-速度 135.0 deg (最高2000 ERPM, 加速5000),43,134.9,0,0.00,0.45,34,0
2.8600,位置-速度 135.0 deg (最高2000 ERPM, 加速5000),43,134.9,0,0.00,0.45,34,0
2.8821,位置-速度 135.0 deg (最高2000 ERPM, 加速5000),43,134.9,0,0.00,0.50,35,0
2.9025,位置-速度 135.0 deg (最高2000 ERPM, 加速5000),43,134.9,0,0.00,0.51,34,0
2.9203,位置-速度 135.0 deg (最高2000 ERPM, 加速5000),43,134.9,0,0.00,0.51,34,0
2.9418,位置-速度 135.0 deg (最高2000 ERPM, 加速5000),43,134.9,0,0.00,0.46,35,0
2.9626,位置-速度 135.0 deg (最高2000 ERPM, 加速5000),43,134.9,0,0.00,0.45,35,0
2.9824,位置-速度 135.0 deg (最高2000 ERPM, 加速5000),43,134.9,0,0.00,0.44,34,0
3.0007,位置-速度 135.0 deg (最高2000 ERPM, 加速5000),43,134.9,0,0.00,0.44,34,0
3.0211,位置-速度 135.0 deg (最高2000 ERPM, 加速5000),43,134.9,0,0.00,0.42,34,0
3.0410,位置-速度 135.0 deg (最高2000 ERPM, 加速5000),43,134.9,0,0.00,0.46,34,0
3.0626,位置-速度 135.0 deg (最高2000 ERPM, 加速5000),43,134.9,0,0.00,0.48,35,0
3.0815,位置-速度 135.0 deg (最高2000 ERPM, 加速5000),43,134.9,0,0.00,0.51,35,0
3.1014,位置-速度 135.0 deg (最高2000 ERPM, 加速5000),43,134.9,0,0.00,0.49,35,0
3.1222,位置-速度 135.0 deg (最高2000 ERPM, 加速5000),43,134.9,0,0.00,0.43,34,0
3.1413,位置-速度 135.0 deg (最高2000 ERPM, 加速5000),43,134.9,0,0.00,0.48,34,0
3.1605,位置-速度 135.0 deg (最高2000 ERPM, 加速5000),43,134.9,0,0.00,0.48,34,0
3.1815,位置-速度 135.0 deg (最高2000 ERPM, 加速5000),43,134.9,0,0.00,0.51,34,0
3.2002,位置-速度 135.0 deg (最高2000 ERPM, 加速5000),43,134.9,0,0.00,0.51,34,0
3.2205,位置-速度 135.0 deg (最高2000 ERPM, 加速5000),43,134.9,0,0.00,0.41,35,0
3.2427,位置-速度 135.0 deg (最高2000 ERPM, 加速5000),43,134.9,0,0.00,0.46,34,0
3.2625,位置-速度 135.0 deg (最高2000 ERPM, 加速5000),43,134.9,0,0.00,0.50,34,0
3.2815,位置-速度 135.0 deg (最高2000 ERPM, 加速5000),43,134.9,0,0.00,0.50,34,0
3.3019,位置-速度 135.0 deg (最高2000 ERPM, 加速5000),43,134.9,0,0.00,0.48,35,0
3.3219,位置-速度 135.0 deg (最高2000 ERPM, 加速5000),43,134.9,0,0.00,0.49,35,0
3.3421,位置-速度 135.0 deg (最高2000 ERPM, 加速5000),43,134.9,0,0.00,0.53,34,0
3.3614,位置-速度 135.0 deg (最高2000 ERPM, 加速5000),43,134.9,0,0.00,0.52,34,0
3.3809,位置-速度 135.0 deg (最高2000 ERPM, 加速5000),43,134.9,0,0.00,0.51,35,0
3.4005,位置-速度 135.0 deg (最高2000 ERPM, 加速5000),43,134.9,0,0.00,0.51,35,0
3.4212,位置-速度 135.0 deg (最高2000 ERPM, 加速5000),43,134.9,0,0.00,0.53,34,0
3.4407,位置-速度 135.0 deg (最高2000 ERPM, 加速5000),43,134.9,0,0.00,0.53,34,0
3.4613,位置-速度 135.0 deg (最高2000 ERPM, 加速5000),43,134.9,0,0.00,0.51,35,0
3.4816,位置-速度 135.0 deg (最高2000 ERPM, 加速5000),43,134.9,0,0.00,0.50,34,0
3.5017,位置-速度 135.0 deg (最高2000 ERPM, 加速5000),43,134.9,0,0.00,0.52,34,0
3.5219,位置-速度 135.0 deg (最高2000 ERPM, 加速5000),43,134.9,0,0.00,0.51,34,0
3.5411,位置-速度 135.0 deg (最高2000 ERPM, 加速5000),43,134.9,0,0.00,0.51,34,0
3.5615,位置-速度 135.0 deg (最高2000 ERPM, 加速5000),43,134.9,0,0.00,0.53,35,0
3.5822,位置-速度 135.0 deg (最高2000 ERPM, 加速5000),43,134.9,0,0.00,0.55,34,0
3.6019,位置-速度 135.0 deg (最高2000 ERPM, 加速5000),43,134.9,0,0.00,0.51,35,0
3.6215,位置-速度 135.0 deg (最高2000 ERPM, 加速5000),43,134.9,0,0.00,0.52,34,0
3.6401,位置-速度 135.0 deg (最高2000 ERPM, 加速5000),43,134.9,0,0.00,0.52,34,0
3.6619,位置-速度 135.0 deg (最高2000 ERPM, 加速5000),43,134.9,0,0.00,0.54,34,0
3.6828,位置-速度 135.0 deg (最高2000 ERPM, 加速5000),43,134.9,0,0.00,0.58,35,0
3.7016,位置-速度 135.0 deg (最高2000 ERPM, 加速5000),43,134.9,0,0.00,0.59,34,0
3.7203,位置-速度 135.0 deg (最高2000 ERPM, 加速5000),43,134.9,0,0.00,0.59,34,0
3.7406,位置-速度 135.0 deg (最高2000 ERPM, 加速5000),43,134.9,0,0.00,0.56,35,0
3.7624,位置-速度 135.0 deg (最高2000 ERPM, 加速5000),43,134.9,0,0.00,0.52,35,0
3.7818,位置-速度 135.0 deg (最高2000 ERPM, 加速5000),43,134.9,0,0.00,0.55,34,0
3.8004,位置-速度 135.0 deg (最高2000 ERPM, 加速5000),43,134.9,0,0.00,0.55,34,0
3.8202,位置-速度 135.0 deg (最高2000 ERPM, 加速5000),43,134.9,0,0.00,0.57,34,0
3.8425,位置-速度 135.0 deg (最高2000 ERPM, 加速5000),43,134.9,0,0.00,0.56,34,0
3.8606,位置-速度 135.0 deg (最高2000 ERPM, 加速5000),43,134.9,0,0.00,0.55,34,0
3.8823,位置-速度 135.0 deg (最高2000 ERPM, 加速5000),43,134.9,0,0.00,0.57,35,0
3.9010,位置-速度 135.0 deg (最高2000 ERPM, 加速5000),43,134.9,0,0.00,0.55,35,0
3.9208,位置-速度 135.0 deg (最高2000 ERPM, 加速5000),43,134.9,0,0.00,0.59,34,0
3.9421,位置-速度 135.0 deg (最高2000 ERPM, 加速5000),43,134.9,0,0.00,0.55,34,0
3.9623,位置-速度 135.0 deg (最高2000 ERPM, 加速5000),43,134.9,0,0.00,0.61,34,0
3.9825,位置-速度 135.0 deg (最高2000 ERPM, 加速5000),43,134.9,0,0.00,0.58,35,0
4.0014,位置-速度 135.0 deg (最高2000 ERPM, 加速5000),43,134.9,0,0.00,0.56,34,0
4.0206,位置-速度 135.0 deg (最高2000 ERPM, 加速5000),43,134.9,0,0.00,0.61,34,0
4.0424,位置-速度 135.0 deg (最高2000 ERPM, 加速5000),43,134.9,0,0.00,0.57,34,0
4.0604,位置-速度 135.0 deg (最高2000 ERPM, 加速5000),43,134.9,0,0.00,0.57,34,0
4.0825,位置-速度 135.0 deg (最高2000 ERPM, 加速5000),43,134.9,0,0.00,0.61,34,0
4.1030,位置-速度 135.0 deg (最高2000 ERPM, 加速5000),43,134.9,0,0.00,0.58,34,0
4.1205,位置-速度 135.0 deg (最高2000 ERPM, 加速5000),43,134.9,0,0.00,0.58,34,0
4.1409,位置-速度 135.0 deg (最高2000 ERPM, 加速5000),43,134.9,0,0.00,0.58,34,0
4.1618,位置-速度 135.0 deg (最高2000 ERPM, 加速5000),43,134.9,0,0.00,0.57,34,0
4.1819,位置-速度 135.0 deg (最高2000 ERPM, 加速5000),43,134.9,0,0.00,0.57,34,0
4.2004,位置-速度 135.0 deg (最高2000 ERPM, 加速5000),43,134.9,0,0.00,0.57,34,0
4.2203,位置-速度 135.0 deg (最高2000 ERPM, 加速5000),43,134.9,0,0.00,0.63,34,0
4.2404,位置-速度 135.0 deg (最高2000 ERPM, 加速5000),43,134.9,0,0.00,0.60,34,0
4.2612,位置-速度 135.0 deg (最高2000 ERPM, 加速5000),43,134.9,0,0.00,0.63,35,0
4.2820,位置-速度 135.0 deg (最高2000 ERPM, 加速5000),43,134.9,0,0.00,0.59,35,0
4.3014,位置-速度 135.0 deg (最高2000 ERPM, 加速5000),43,134.9,0,0.00,0.60,35,0
4.3202,位置-速度 135.0 deg (最高2000 ERPM, 加速5000),43,134.9,0,0.00,0.60,35,0
4.3410,位置-速度 135.0 deg (最高2000 ERPM, 加速5000),43,134.9,0,0.00,0.64,35,0
4.3601,位置-速度 135.0 deg (最高2000 ERPM, 加速5000),43,134.9,0,0.00,0.64,35,0
4.3822,位置-速度 135.0 deg (最高2000 ERPM, 加速5000),43,134.9,0,0.00,0.60,35,0
4.4024,位置-速度 135.0 deg (最高2000 ERPM, 加速5000),43,134.9,0,0.00,0.63,35,0
4.4204,位置-速度 135.0 deg (最高2000 ERPM, 加速5000),43,134.9,0,0.00,0.63,35,0
4.4418,位置-速度 135.0 deg (最高2000 ERPM, 加速5000),43,134.9,0,0.00,0.64,35,0
4.4602,位置-速度 135.0 deg (最高2000 ERPM, 加速5000),43,134.9,0,0.00,0.64,35,0
4.4825,位置-速度 135.0 deg (最高2000 ERPM, 加速5000),43,134.9,0,0.00,0.68,35,0
4.5019,位置-速度 135.0 deg (最高2000 ERPM, 加速5000),43,134.9,0,0.00,0.63,35,0
4.5213,位置-速度 135.0 deg (最高2000 ERPM, 加速5000),43,134.9,0,0.00,0.63,35,0
4.5413,位置-速度 135.0 deg (最高2000 ERPM, 加速5000),43,134.9,0,0.00,0.62,35,0
4.5621,位置-速度 135.0 deg (最高2000 ERPM, 加速5000),43,134.9,0,0.00,0.60,35,0
4.5813,位置-速度 135.0 deg (最高2000 ERPM, 加速5000),43,134.9,0,0.00,0.62,35,0
4.6004,位置-速度 135.0 deg (最高2000 ERPM, 加速5000),43,134.9,0,0.00,0.62,35,0
4.6219,位置-速度 135.0 deg (最高2000 ERPM, 加速5000),43,134.9,0,0.00,0.60,35,0
4.6404,位置-速度 135.0 deg (最高2000 ERPM, 加速5000),43,134.9,0,0.00,0.60,35,0
4.6606,位置-速度 135.0 deg (最高2000 ERPM, 加速5000),43,134.9,0,0.00,0.62,35,0
4.6815,位置-速度 135.0 deg (最高2000 ERPM, 加速5000),43,134.9,0,0.00,0.64,35,0
4.7011,位置-速度 135.0 deg (最高2000 ERPM, 加速5000),43,134.9,0,0.00,0.61,35,0
4.7213,位置-速度 135.0 deg (最高2000 ERPM, 加速5000),43,134.9,0,0.00,0.62,35,0
4.7414,位置-速度 135.0 deg (最高2000 ERPM, 加速5000),43,134.9,0,0.00,0.59,34,0
4.7616,位置-速度 135.0 deg (最高2000 ERPM, 加速5000),43,134.9,0,0.00,0.60,34,0
4.7810,位置-速度 135.0 deg (最高2000 ERPM, 加速5000),43,134.9,0,0.00,0.58,34,0
4.8018,位置-速度 135.0 deg (最高2000 ERPM, 加速5000),43,134.9,0,0.00,0.62,35,0
4.8201,位置-速度 135.0 deg (最高2000 ERPM, 加速5000),43,134.9,0,0.00,0.62,35,0
4.8413,位置-速度 135.0 deg (最高2000 ERPM, 加速5000),43,134.9,0,0.00,0.61,35,0
4.8602,位置-速度 135.0 deg (最高2000 ERPM, 加速5000),43,134.9,0,0.00,0.61,35,0
4.8805,位置-速度 135.0 deg (最高2000 ERPM, 加速5000),43,134.9,0,0.00,0.59,35,0
4.9021,位置-速度 135.0 deg (最高2000 ERPM, 加速5000),43,134.9,0,0.00,0.65,35,0
4.9202,位置-速度 135.0 deg (最高2000 ERPM, 加速5000),43,134.9,0,0.00,0.65,35,0
4.9424,位置-速度 135.0 deg (最高2000 ERPM, 加速5000),43,134.9,0,0.00,0.62,34,0
4.9603,位置-速度 135.0 deg (最高2000 ERPM, 加速5000),43,134.9,0,0.00,0.62,34,0
4.9809,位置-速度 135.0 deg (最高2000 ERPM, 加速5000),43,134.9,0,0.00,0.63,35,0
0.0000,位置-速度 180.0 deg (最高2000 ERPM, 加速5000),43,134.9,0,0.00,0.00,34,0
0.0213,位置-速度 180.0 deg (最高2000 ERPM, 加速5000),43,134.9,0,0.00,0.38,34,0
0.0424,位置-速度 180.0 deg (最高2000 ERPM, 加速5000),43,134.9,10,0.32,0.60,35,0
0.0603,位置-速度 180.0 deg (最高2000 ERPM, 加速5000),43,135.0,40,1.27,0.81,35,0
0.0802,位置-速度 180.0 deg (最高2000 ERPM, 加速5000),43,135.1,330,10.48,0.37,35,0
0.1024,位置-速度 180.0 deg (最高2000 ERPM, 加速5000),43,135.4,330,10.48,0.26,35,0
0.1221,位置-速度 180.0 deg (最高2000 ERPM, 加速5000),43,135.7,540,17.14,-0.20,35,0
0.1423,位置-速度 180.0 deg (最高2000 ERPM, 加速5000),43,136.1,640,20.32,0.04,35,0
0.1608,位置-速度 180.0 deg (最高2000 ERPM, 加速5000),43,136.5,680,21.59,0.65,35,0
0.1815,位置-速度 180.0 deg (最高2000 ERPM, 加速5000),43,137.0,790,25.08,0.48,35,0
0.2017,位置-速度 180.0 deg (最高2000 ERPM, 加速5000),43,137.5,910,28.89,-0.10,35,0
0.2220,位置-速度 180.0 deg (最高2000 ERPM, 加速5000),43,138.2,960,30.48,0.42,35,0
0.2406,位置-速度 180.0 deg (最高2000 ERPM, 加速5000),43,138.8,1120,35.56,0.46,35,0
0.2610,位置-速度 180.0 deg (最高2000 ERPM, 加速5000),43,139.6,1180,37.46,-0.04,35,0
0.2814,位置-速度 180.0 deg (最高2000 ERPM, 加速5000),43,140.4,1280,40.63,0.73,35,0
0.3017,位置-速度 180.0 deg (最高2000 ERPM, 加速5000),43,141.3,1400,44.44,-0.02,35,0
0.3210,位置-速度 180.0 deg (最高2000 ERPM, 加速5000),43,142.2,1500,47.62,0.62,35,0
0.3418,位置-速度 180.0 deg (最高2000 ERPM, 加速5000),43,143.2,1600,50.79,0.01,35,0
0.3620,位置-速度 180.0 deg (最高2000 ERPM, 加速5000),43,144.3,1700,53.97,0.59,35,0
0.3819,位置-速度 180.0 deg (最高2000 ERPM, 加速5000),43,145.4,1800,57.14,0.07,35,0
0.4014,位置-速度 180.0 deg (最高2000 ERPM, 加速5000),43,146.6,1900,60.32,0.37,35,0
0.4217,位置-速度 180.0 deg (最高2000 ERPM, 加速5000),43,147.9,2000,63.49,0.63,35,0
0.4426,位置-速度 180.0 deg (最高2000 ERPM, 加速5000),43,149.2,2010,63.81,-0.08,35,0
0.4622,位置-速度 180.0 deg (最高2000 ERPM, 加速5000),43,150.5,2020,64.13,0.36,35,0
0.4821,位置-速度 180.0 deg (最高2000 ERPM, 加速5000),43,151.8,2020,64.13,0.65,35,0
0.5026,位置-速度 180.0 deg (最高2000 ERPM, 加速5000),43,153.0,2020,64.13,-0.05,35,0
0.5226,位置-速度 180.0 deg (最高2000 ERPM, 加速5000),43,154.3,2030,64.44,0.25,35,0
0.5418,位置-速度 180.0 deg (最高2000 ERPM, 加速5000),43,155.6,2030,64.44,0.68,35,0
0.5603,位置-速度 180.0 deg (最高2000 ERPM, 加速5000),43,156.9,2030,64.44,0.00,35,0
0.5800,位置-速度 180.0 deg (最高2000 ERPM, 加速5000),43,158.2,2020,64.13,0.16,35,0
0.6002,位置-速度 180.0 deg (最高2000 ERPM, 加速5000),43,159.5,2010,63.81,0.67,35,0
0.6223,位置-速度 180.0 deg (最高2000 ERPM, 加速5000),43,160.8,2020,64.13,-0.01,35,0
0.6411,位置-速度 180.0 deg (最高2000 ERPM, 加速5000),43,162.0,2010,63.81,0.09,35,0
0.6616,位置-速度 180.0 deg (最高2000 ERPM, 加速5000),43,163.3,2000,63.49,0.57,35,0
0.6819,位置-速度 180.0 deg (最高2000 ERPM, 加速5000),43,164.6,2010,63.81,0.03,35,0
0.7017,位置-速度 180.0 deg (最高2000 ERPM, 加速5000),43,165.9,2000,63.49,0.13,35,0
0.7214,位置-速度 180.0 deg (最高2000 ERPM, 加速5000),43,167.1,1990,63.17,0.68,35,0
0.7405,位置-速度 180.0 deg (最高2000 ERPM, 加速5000),43,168.4,1940,61.59,0.04,35,0
0.7606,位置-速度 180.0 deg (最高2000 ERPM, 加速5000),43,169.6,1850,58.73,0.25,35,0
0.7810,位置-速度 180.0 deg (最高2000 ERPM, 加速5000),43,170.7,1760,55.87,0.46,35,0
0.8017,位置-速度 180.0 deg (最高2000 ERPM, 加速5000),43,171.8,1650,52.38,-0.02,35,0
0.8201,位置-速度 180.0 deg (最高2000 ERPM, 加速5000),43,172.8,1560,49.52,0.66,35,0
0.8414,位置-速度 180.0 deg (最高2000 ERPM, 加速5000),43,173.7,1460,46.35,-0.06,35,0
0.8601,位置-速度 180.0 deg (最高2000 ERPM, 加速5000),43,174.6,1370,43.49,0.57,35,0
0.8815,位置-速度 180.0 deg (最高2000 ERPM, 加速5000),43,175.4,1260,40.00,0.03,35,0
0.9024,位置-速度 180.0 deg (最高2000 ERPM, 加速5000),43,176.2,1150,36.51,0.24,35,0
0.9212,位置-速度 180.0 deg (最高2000 ERPM, 加速5000),43,176.9,1070,33.97,0.53,35,0
0.9423,位置-速度 180.0 deg (最高2000 ERPM, 加速5000),43,177.5,970,30.79,-0.07,35,0
0.9612,位置-速度 180.0 deg (最高2000 ERPM, 加速5000),43,178.1,820,26.03,0.23,35,0
0.9827,位置-速度 180.0 deg (最高2000 ERPM, 加速5000),43,178.6,790,25.08,0.44,35,0
1.0011,位置-速度 180.0 deg (最高2000 ERPM, 加速5000),43,179.0,620,19.68,0.36,35,0
1.0215,位置-速度 180.0 deg (最高2000 ERPM, 加速5000),43,179.3,520,16.51,0.06,35,0
1.0401,位置-速度 180.0 deg (最高2000 ERPM, 加速5000),43,179.6,400,12.70,-0.03,35,0
1.0617,位置-速度 180.0 deg (最高2000 ERPM, 加速5000),43,179.8,330,10.48,0.10,35,0
1.0806,位置-速度 180.0 deg (最高2000 ERPM, 加速5000),43,180.0,320,10.16,0.06,35,0
1.1027,位置-速度 180.0 deg (最高2000 ERPM, 加速5000),43,180.0,40,1.27,0.52,35,0
1.1211,位置-速度 180.0 deg (最高2000 ERPM, 加速5000),43,180.0,0,0.00,0.51,35,0
1.1417,位置-速度 180.0 deg (最高2000 ERPM, 加速5000),43,180.0,0,0.00,0.46,35,0
1.1625,位置-速度 180.0 deg (最高2000 ERPM, 加速5000),43,180.0,0,0.00,0.45,35,0
1.1814,位置-速度 180.0 deg (最高2000 ERPM, 加速5000),43,180.0,0,0.00,0.44,35,0
1.2012,位置-速度 180.0 deg (最高2000 ERPM, 加速5000),43,180.0,0,0.00,0.43,35,0
1.2204,位置-速度 180.0 deg (最高2000 ERPM, 加速5000),43,180.0,0,0.00,0.41,35,0
1.2422,位置-速度 180.0 deg (最高2000 ERPM, 加速5000),43,180.0,0,0.00,0.38,35,0
1.2626,位置-速度 180.0 deg (最高2000 ERPM, 加速5000),43,180.0,0,0.00,0.38,34,0
1.2816,位置-速度 180.0 deg (最高2000 ERPM, 加速5000),43,180.0,0,0.00,0.38,35,0
1.3024,位置-速度 180.0 deg (最高2000 ERPM, 加速5000),43,180.0,0,0.00,0.36,35,0
1.3220,位置-速度 180.0 deg (最高2000 ERPM, 加速5000),43,180.0,0,0.00,0.33,35,0
1.3417,位置-速度 180.0 deg (最高2000 ERPM, 加速5000),43,180.0,0,0.00,0.32,35,0
1.3629,位置-速度 180.0 deg (最高2000 ERPM, 加速5000),43,180.0,0,0.00,0.32,35,0
1.3821,位置-速度 180.0 deg (最高2000 ERPM, 加速5000),43,180.0,0,0.00,0.30,35,0
1.4011,位置-速度 180.0 deg (最高2000 ERPM, 加速5000),43,180.0,0,0.00,0.29,35,0
1.4226,位置-速度 180.0 deg (最高2000 ERPM, 加速5000),43,180.0,0,0.00,0.26,35,0
1.4424,位置-速度 180.0 deg (最高2000 ERPM, 加速5000),43,180.0,0,0.00,0.26,35,0
1.4625,位置-速度 180.0 deg (最高2000 ERPM, 加速5000),43,180.0,0,0.00,0.25,35,0
1.4807,位置-速度 180.0 deg (最高2000 ERPM, 加速5000),43,180.0,0,0.00,0.24,35,0
1.5023,位置-速度 180.0 deg (最高2000 ERPM, 加速5000),43,180.0,0,0.00,0.22,35,0
1.5217,位置-速度 180.0 deg (最高2000 ERPM, 加速5000),43,180.0,0,0.00,0.20,35,0
1.5403,位置-速度 180.0 deg (最高2000 ERPM, 加速5000),43,180.0,0,0.00,0.20,35,0
1.5608,位置-速度 180.0 deg (最高2000 ERPM, 加速5000),43,180.0,0,0.00,0.19,35,0
1.5825,位置-速度 180.0 deg (最高2000 ERPM, 加速5000),43,180.0,0,0.00,0.16,35,0
1.6010,位置-速度 180.0 deg (最高2000 ERPM, 加速5000),43,180.0,0,0.00,0.14,35,0
1.6208,位置-速度 180.0 deg (最高2000 ERPM, 加速5000),43,180.0,0,0.00,0.14,35,0
1.6401,位置-速度 180.0 deg (最高2000 ERPM, 加速5000),43,180.0,0,0.00,0.12,35,0
1.6625,位置-速度 180.0 deg (最高2000 ERPM, 加速5000),43,180.0,0,0.00,0.10,35,0
1.6804,位置-速度 180.0 deg (最高2000 ERPM, 加速5000),43,180.0,0,0.00,0.10,35,0
1.7030,位置-速度 180.0 deg (最高2000 ERPM, 加速5000),43,180.0,0,0.00,0.08,35,0
1.7206,位置-速度 180.0 deg (最高2000 ERPM, 加速5000),43,180.0,0,0.00,0.08,35,0
1.7419,位置-速度 180.0 deg (最高2000 ERPM, 加速5000),43,180.0,0,0.00,0.06,35,0
1.7608,位置-速度 180.0 deg (最高2000 ERPM, 加速5000),43,180.0,0,0.00,0.04,35,0
1.7801,位置-速度 180.0 deg (最高2000 ERPM, 加速5000),43,180.0,0,0.00,0.02,35,0
1.8021,位置-速度 180.0 deg (最高2000 ERPM, 加速5000),43,180.0,0,0.00,0.02,35,0
1.8215,位置-速度 180.0 deg (最高2000 ERPM, 加速5000),43,180.0,0,0.00,0.02,35,0
1.8409,位置-速度 180.0 deg (最高2000 ERPM, 加速5000),43,180.0,0,0.00,0.00,35,0
1.8600,位置-速度 180.0 deg (最高2000 ERPM, 加速5000),43,180.0,0,0.00,0.01,35,0
1.8819,位置-速度 180.0 deg (最高2000 ERPM, 加速5000),43,180.0,0,0.00,0.01,35,0
1.9023,位置-速度 180.0 deg (最高2000 ERPM, 加速5000),43,180.0,0,0.00,-0.02,35,0
1.9213,位置-速度 180.0 deg (最高2000 ERPM, 加速5000),43,180.0,0,0.00,-0.03,35,0
1.9415,位置-速度 180.0 deg (最高2000 ERPM, 加速5000),43,180.0,0,0.00,-0.04,35,0
1.9602,位置-速度 180.0 deg (最高2000 ERPM, 加速5000),43,180.0,0,0.00,-0.05,35,0
1.9812,位置-速度 180.0 deg (最高2000 ERPM, 加速5000),43,180.0,0,0.00,0.07,35,0
2.0018,位置-速度 180.0 deg (最高2000 ERPM, 加速5000),43,180.0,0,0.00,0.07,35,0
2.0208,位置-速度 180.0 deg (最高2000 ERPM, 加速5000),43,180.0,0,0.00,0.08,35,0
2.0403,位置-速度 180.0 deg (最高2000 ERPM, 加速5000),43,180.0,0,0.00,0.09,35,0
2.0608,位置-速度 180.0 deg (最高2000 ERPM, 加速5000),43,180.0,0,0.00,0.11,35,0
2.0808,位置-速度 180.0 deg (最高2000 ERPM, 加速5000),43,180.0,0,0.00,0.10,35,0
2.1021,位置-速度 180.0 deg (最高2000 ERPM, 加速5000),43,180.0,0,0.00,0.12,35,0
2.1229,位置-速度 180.0 deg (最高2000 ERPM, 加速5000),43,180.0,0,0.00,0.13,35,0
2.1412,位置-速度 180.0 deg (最高2000 ERPM, 加速5000),43,180.0,0,0.00,0.13,35,0
2.1614,位置-速度 180.0 deg (最高2000 ERPM, 加速5000),43,180.0,0,0.00,0.14,35,0
2.1804,位置-速度 180.0 deg (最高2000 ERPM, 加速5000),43,180.0,0,0.00,0.14,35,0
2.2020,位置-速度 180.0 deg (最高2000 ERPM, 加速5000),43,180.0,0,0.00,0.15,35,0
2.2223,位置-速度 180.0 deg (最高2000 ERPM, 加速5000),43,180.0,0,0.00,0.16,35,0
2.2421,位置-速度 180.0 deg (最高2000 ERPM, 加速5000),43,180.0,0,0.00,0.18,35,0
2.2606,位置-速度 180.0 deg (最高2000 ERPM, 加速5000),43,180.0,0,0.00,0.19,35,0
2.2821,位置-速度 180.0 deg (最高2000 ERPM, 加速5000),43,180.0,0,0.00,0.20,35,0
2.3004,位置-速度 180.0 deg (最高2000 ERPM, 加速5000),43,180.0,0,0.00,0.20,35,0
2.3205,位置-速度 180.0 deg (最高2000 ERPM, 加速5000),43,180.0,0,0.00,0.22,35,0
2.3404,位置-速度 180.0 deg (最高2000 ERPM, 加速5000),43,180.0,0,0.00,0.22,35,0
2.3608,位置-速度 180.0 deg (最高2000 ERPM, 加速5000),43,180.0,0,0.00,0.23,35,0
2.3807,位置-速度 180.0 deg (最高2000 ERPM, 加速5000),43,180.0,0,0.00,0.22,35,0
2.4025,位置-速度 180.0 deg (最高2000 ERPM, 加速5000),43,180.0,0,0.00,0.22,35,0
2.4204,位置-速度 180.0 deg (最高2000 ERPM, 加速5000),43,180.0,0,0.00,0.24,35,0
2.4406,位置-速度 180.0 deg (最高2000 ERPM, 加速5000),43,180.0,0,0.00,0.25,35,0
2.4603,位置-速度 180.0 deg (最高2000 ERPM, 加速5000),43,180.0,0,0.00,0.25,35,0
2.4823,位置-速度 180.0 deg (最高2000 ERPM, 加速5000),43,180.0,0,0.00,0.24,35,0
2.5023,位置-速度 180.0 deg (最高2000 ERPM, 加速5000),43,180.0,0,0.00,0.26,35,0
2.5216,位置-速度 180.0 deg (最高2000 ERPM, 加速5000),43,180.0,0,0.00,0.27,35,0
2.5412,位置-速度 180.0 deg (最高2000 ERPM, 加速5000),43,180.0,0,0.00,0.28,35,0
2.5625,位置-速度 180.0 deg (最高2000 ERPM, 加速5000),43,180.0,0,0.00,0.28,35,0
2.5813,位置-速度 180.0 deg (最高2000 ERPM, 加速5000),43,180.0,0,0.00,0.28,35,0
2.6023,位置-速度 180.0 deg (最高2000 ERPM, 加速5000),43,180.0,0,0.00,0.29,35,0
2.6221,位置-速度 180.0 deg (最高2000 ERPM, 加速5000),43,180.0,0,0.00,0.29,35,0
2.6424,位置-速度 180.0 deg (最高2000 ERPM, 加速5000),43,180.0,0,0.00,0.28,35,0
2.6602,位置-速度 180.0 deg (最高2000 ERPM, 加速5000),43,180.0,0,0.00,0.29,35,0
2.6808,位置-速度 180.0 deg (最高2000 ERPM, 加速5000),43,180.0,0,0.00,0.31,35,0
2.7023,位置-速度 180.0 deg (最高2000 ERPM, 加速5000),43,180.0,0,0.00,0.29,35,0
2.7212,位置-速度 180.0 deg (最高2000 ERPM, 加速5000),43,180.0,0,0.00,0.31,35,0
2.7406,位置-速度 180.0 deg (最高2000 ERPM, 加速5000),43,180.0,0,0.00,0.33,35,0
2.7600,位置-速度 180.0 deg (最高2000 ERPM, 加速5000),43,180.0,0,0.00,0.32,35,0
2.7807,位置-速度 180.0 deg (最高2000 ERPM, 加速5000),43,180.0,0,0.00,0.31,35,0
2.8013,位置-速度 180.0 deg (最高2000 ERPM, 加速5000),43,180.0,0,0.00,0.32,35,0
2.8213,位置-速度 180.0 deg (最高2000 ERPM, 加速5000),43,180.0,0,0.00,0.32,35,0
2.8422,位置-速度 180.0 deg (最高2000 ERPM, 加速5000),43,180.0,0,0.00,0.33,35,0
2.8606,位置-速度 180.0 deg (最高2000 ERPM, 加速5000),43,180.0,0,0.00,0.32,35,0
2.8823,位置-速度 180.0 deg (最高2000 ERPM, 加速5000),43,180.0,0,0.00,0.34,35,0
2.9025,位置-速度 180.0 deg (最高2000 ERPM, 加速5000),43,180.0,0,0.00,0.34,35,0
2.9200,位置-速度 180.0 deg (最高2000 ERPM, 加速5000),43,180.0,0,0.00,0.35,35,0
2.9407,位置-速度 180.0 deg (最高2000 ERPM, 加速5000),43,180.0,0,0.00,0.37,35,0
2.9622,位置-速度 180.0 deg (最高2000 ERPM, 加速5000),43,180.0,0,0.00,0.35,35,0
2.9807,位置-速度 180.0 deg (最高2000 ERPM, 加速5000),43,180.0,0,0.00,0.36,35,0
3.0020,位置-速度 180.0 deg (最高2000 ERPM, 加速5000),43,180.0,0,0.00,0.36,35,0
3.0219,位置-速度 180.0 deg (最高2000 ERPM, 加速5000),43,180.0,0,0.00,0.36,35,0
3.0414,位置-速度 180.0 deg (最高2000 ERPM, 加速5000),43,180.0,0,0.00,0.36,35,0
3.0602,位置-速度 180.0 deg (最高2000 ERPM, 加速5000),43,180.0,0,0.00,0.38,35,0
3.0825,位置-速度 180.0 deg (最高2000 ERPM, 加速5000),43,180.0,0,0.00,0.38,35,0
3.1014,位置-速度 180.0 deg (最高2000 ERPM, 加速5000),43,180.0,0,0.00,0.39,35,0
3.1204,位置-速度 180.0 deg (最高2000 ERPM, 加速5000),43,180.0,0,0.00,0.37,35,0
3.1414,位置-速度 180.0 deg (最高2000 ERPM, 加速5000),43,180.0,0,0.00,0.37,35,0
3.1606,位置-速度 180.0 deg (最高2000 ERPM, 加速5000),43,180.0,0,0.00,0.39,35,0
3.1819,位置-速度 180.0 deg (最高2000 ERPM, 加速5000),43,180.0,0,0.00,0.39,35,0
3.2015,位置-速度 180.0 deg (最高2000 ERPM, 加速5000),43,180.0,0,0.00,0.38,35,0
3.2208,位置-速度 180.0 deg (最高2000 ERPM, 加速5000),43,180.0,0,0.00,0.39,35,0
3.2401,位置-速度 180.0 deg (最高2000 ERPM, 加速5000),43,180.0,0,0.00,0.39,35,0
3.2606,位置-速度 180.0 deg (最高2000 ERPM, 加速5000),43,180.0,0,0.00,0.41,35,0
3.2803,位置-速度 180.0 deg (最高2000 ERPM, 加速5000),43,180.0,0,0.00,0.41,35,0
3.3005,位置-速度 180.0 deg (最高2000 ERPM, 加速5000),43,180.0,0,0.00,0.40,35,0
3.3210,位置-速度 180.0 deg (最高2000 ERPM, 加速5000),43,180.0,0,0.00,0.41,35,0
3.3411,位置-速度 180.0 deg (最高2000 ERPM, 加速5000),43,180.0,0,0.00,0.41,35,0
3.3606,位置-速度 180.0 deg (最高2000 ERPM, 加速5000),43,180.0,0,0.00,0.40,35,0
3.3811,位置-速度 180.0 deg (最高2000 ERPM, 加速5000),43,180.0,0,0.00,0.40,35,0
3.4014,位置-速度 180.0 deg (最高2000 ERPM, 加速5000),43,180.0,0,0.00,0.41,35,0
3.4213,位置-速度 180.0 deg (最高2000 ERPM, 加速5000),43,180.0,0,0.00,0.41,35,0
3.4417,位置-速度 180.0 deg (最高2000 ERPM, 加速5000),43,180.0,0,0.00,0.42,35,0
3.4606,位置-速度 180.0 deg (最高2000 ERPM, 加速5000),43,180.0,0,0.00,0.42,35,0
3.4817,位置-速度 180.0 deg (最高2000 ERPM, 加速5000),43,180.0,0,0.00,0.41,35,0
3.5021,位置-速度 180.0 deg (最高2000 ERPM, 加速5000),43,180.0,0,0.00,0.43,35,0
3.5201,位置-速度 180.0 deg (最高2000 ERPM, 加速5000),43,180.0,0,0.00,0.44,35,0
3.5410,位置-速度 180.0 deg (最高2000 ERPM, 加速5000),43,180.0,0,0.00,0.42,35,0
3.5601,位置-速度 180.0 deg (最高2000 ERPM, 加速5000),43,180.0,0,0.00,0.41,35,0
3.5818,位置-速度 180.0 deg (最高2000 ERPM, 加速5000),43,180.0,0,0.00,0.43,35,0
3.6020,位置-速度 180.0 deg (最高2000 ERPM, 加速5000),43,180.0,0,0.00,0.43,35,0
3.6219,位置-速度 180.0 deg (最高2000 ERPM, 加速5000),43,180.0,0,0.00,0.44,35,0
3.6409,位置-速度 180.0 deg (最高2000 ERPM, 加速5000),43,180.0,0,0.00,0.44,35,0
3.6611,位置-速度 180.0 deg (最高2000 ERPM, 加速5000),43,180.0,0,0.00,0.43,35,0
3.6818,位置-速度 180.0 deg (最高2000 ERPM, 加速5000),43,180.0,0,0.00,0.44,35,0
3.7011,位置-速度 180.0 deg (最高2000 ERPM, 加速5000),43,180.0,0,0.00,0.45,35,0
3.7201,位置-速度 180.0 deg (最高2000 ERPM, 加速5000),43,180.0,0,0.00,0.44,35,0
3.7422,位置-速度 180.0 deg (最高2000 ERPM, 加速5000),43,180.0,0,0.00,0.44,35,0
3.7601,位置-速度 180.0 deg (最高2000 ERPM, 加速5000),43,180.0,0,0.00,0.44,35,0
3.7803,位置-速度 180.0 deg (最高2000 ERPM, 加速5000),43,180.0,0,0.00,0.46,35,0
3.8002,位置-速度 180.0 deg (最高2000 ERPM, 加速5000),43,180.0,0,0.00,0.46,35,0
3.8218,位置-速度 180.0 deg (最高2000 ERPM, 加速5000),43,180.0,0,0.00,0.45,35,0
3.8415,位置-速度 180.0 deg (最高2000 ERPM, 加速5000),43,180.0,0,0.00,0.46,35,0
3.8606,位置-速度 180.0 deg (最高2000 ERPM, 加速5000),43,180.0,0,0.00,0.44,35,0
3.8814,位置-速度 180.0 deg (最高2000 ERPM, 加速5000),43,180.0,0,0.00,0.47,35,0
3.9024,位置-速度 180.0 deg (最高2000 ERPM, 加速5000),43,180.0,0,0.00,0.47,35,0
3.9218,位置-速度 180.0 deg (最高2000 ERPM, 加速5000),43,180.0,0,0.00,0.47,35,0
3.9402,位置-速度 180.0 deg (最高2000 ERPM, 加速5000),43,180.0,0,0.00,0.47,35,0
3.9609,位置-速度 180.0 deg (最高2000 ERPM, 加速5000),43,180.0,0,0.00,0.46,35,0
3.9816,位置-速度 180.0 deg (最高2000 ERPM, 加速5000),43,180.0,0,0.00,0.48,35,0
4.0006,位置-速度 180.0 deg (最高2000 ERPM, 加速5000),43,180.0,0,0.00,0.46,35,0
4.0217,位置-速度 180.0 deg (最高2000 ERPM, 加速5000),43,180.0,0,0.00,0.47,35,0
4.0410,位置-速度 180.0 deg (最高2000 ERPM, 加速5000),43,180.0,0,0.00,0.48,35,0
4.0623,位置-速度 180.0 deg (最高2000 ERPM, 加速5000),43,180.0,0,0.00,0.46,35,0
4.0810,位置-速度 180.0 deg (最高2000 ERPM, 加速5000),43,180.0,0,0.00,0.48,35,0
4.1024,位置-速度 180.0 deg (最高2000 ERPM, 加速5000),43,180.0,0,0.00,0.47,35,0
4.1212,位置-速度 180.0 deg (最高2000 ERPM, 加速5000),43,180.0,0,0.00,0.48,35,0
4.1412,位置-速度 180.0 deg (最高2000 ERPM, 加速5000),43,180.0,0,0.00,0.48,35,0
4.1622,位置-速度 180.0 deg (最高2000 ERPM, 加速5000),43,180.0,0,0.00,0.48,35,0
4.1807,位置-速度 180.0 deg (最高2000 ERPM, 加速5000),43,180.0,0,0.00,0.48,35,0
4.2024,位置-速度 180.0 deg (最高2000 ERPM, 加速5000),43,180.0,0,0.00,0.48,35,0
4.2210,位置-速度 180.0 deg (最高2000 ERPM, 加速5000),43,180.0,0,0.00,0.48,35,0
4.2414,位置-速度 180.0 deg (最高2000 ERPM, 加速5000),43,180.0,0,0.00,0.49,35,0
4.2600,位置-速度 180.0 deg (最高2000 ERPM, 加速5000),43,180.0,0,0.00,0.47,35,0
4.2808,位置-速度 180.0 deg (最高2000 ERPM, 加速5000),43,180.0,0,0.00,0.49,35,0
4.3013,位置-速度 180.0 deg (最高2000 ERPM, 加速5000),43,180.0,0,0.00,0.49,35,0
4.3200,位置-速度 180.0 deg (最高2000 ERPM, 加速5000),43,180.0,0,0.00,0.50,35,0
4.3416,位置-速度 180.0 deg (最高2000 ERPM, 加速5000),43,180.0,0,0.00,0.50,35,0
4.3621,位置-速度 180.0 deg (最高2000 ERPM, 加速5000),43,180.0,0,0.00,0.49,35,0
4.3800,位置-速度 180.0 deg (最高2000 ERPM, 加速5000),43,180.0,0,0.00,0.49,35,0
4.4003,位置-速度 180.0 deg (最高2000 ERPM, 加速5000),43,180.0,0,0.00,0.49,35,0
4.4209,位置-速度 180.0 deg (最高2000 ERPM, 加速5000),43,180.0,0,0.00,0.48,35,0
4.4426,位置-速度 180.0 deg (最高2000 ERPM, 加速5000),43,180.0,0,0.00,0.50,35,0
4.4618,位置-速度 180.0 deg (最高2000 ERPM, 加速5000),43,180.0,0,0.00,0.48,35,0
4.4822,位置-速度 180.0 deg (最高2000 ERPM, 加速5000),43,180.0,0,0.00,0.48,35,0
4.5006,位置-速度 180.0 deg (最高2000 ERPM, 加速5000),43,180.0,0,0.00,0.51,35,0
4.5221,位置-速度 180.0 deg (最高2000 ERPM, 加速5000),43,180.0,0,0.00,0.51,35,0
4.5402,位置-速度 180.0 deg (最高2000 ERPM, 加速5000),43,180.0,0,0.00,0.51,35,0
4.5613,位置-速度 180.0 deg (最高2000 ERPM, 加速5000),43,180.0,0,0.00,0.50,35,0
4.5803,位置-速度 180.0 deg (最高2000 ERPM, 加速5000),43,180.0,0,0.00,0.51,35,0
4.6026,位置-速度 180.0 deg (最高2000 ERPM, 加速5000),43,180.0,0,0.00,0.50,35,0
4.6217,位置-速度 180.0 deg (最高2000 ERPM, 加速5000),43,180.0,0,0.00,0.52,35,0
4.6402,位置-速度 180.0 deg (最高2000 ERPM, 加速5000),43,180.0,0,0.00,0.51,35,0
4.6620,位置-速度 180.0 deg (最高2000 ERPM, 加速5000),43,180.0,0,0.00,0.51,35,0
4.6820,位置-速度 180.0 deg (最高2000 ERPM, 加速5000),43,180.0,0,0.00,0.52,35,0
4.7012,位置-速度 180.0 deg (最高2000 ERPM, 加速5000),43,180.0,0,0.00,0.52,35,0
4.7205,位置-速度 180.0 deg (最高2000 ERPM, 加速5000),43,180.0,0,0.00,0.52,35,0
4.7406,位置-速度 180.0 deg (最高2000 ERPM, 加速5000),43,180.0,0,0.00,0.52,35,0
4.7605,位置-速度 180.0 deg (最高2000 ERPM, 加速5000),43,180.0,0,0.00,0.52,35,0
4.7801,位置-速度 180.0 deg (最高2000 ERPM, 加速5000),43,180.0,0,0.00,0.52,35,0
4.8026,位置-速度 180.0 deg (最高2000 ERPM, 加速5000),43,180.0,0,0.00,0.52,35,0
4.8213,位置-速度 180.0 deg (最高2000 ERPM, 加速5000),43,180.0,0,0.00,0.53,35,0
4.8414,位置-速度 180.0 deg (最高2000 ERPM, 加速5000),43,180.0,0,0.00,0.52,35,0
4.8625,位置-速度 180.0 deg (最高2000 ERPM, 加速5000),43,180.0,0,0.00,0.53,35,0
4.8813,位置-速度 180.0 deg (最高2000 ERPM, 加速5000),43,180.0,0,0.00,0.52,35,0
4.9003,位置-速度 180.0 deg (最高2000 ERPM, 加速5000),43,180.0,0,0.00,0.52,35,0
4.9217,位置-速度 180.0 deg (最高2000 ERPM, 加速5000),43,180.0,0,0.00,0.52,35,0
4.9421,位置-速度 180.0 deg (最高2000 ERPM, 加速5000),43,180.0,0,0.00,0.52,35,0
4.9611,位置-速度 180.0 deg (最高2000 ERPM, 加速5000),43,180.0,0,0.00,0.52,35,0
4.9818,位置-速度 180.0 deg (最高2000 ERPM, 加速5000),43,180.0,0,0.00,0.52,35,0
